id,employeeId,courseId,submittedAt,responses
1,1,13,2024-10-07 11:06:43.341366,"[{'id': 1, 'feedbackId': 1, 'feedbackQuestionId': 13, 'response': 2}]"
2,1,42,2024-10-07 11:06:43.341429,"[{'id': 2, 'feedbackId': 2, 'feedbackQuestionId': 42, 'response': 1}]"
3,2,5,2024-10-07 11:06:43.341499,"[{'id': 3, 'feedbackId': 3, 'feedbackQuestionId': 5, 'response': 5}]"
4,2,14,2024-10-07 11:06:43.341552,"[{'id': 4, 'feedbackId': 4, 'feedbackQuestionId': 14, 'response': 5}]"
5,3,40,2024-10-07 11:06:43.341626,"[{'id': 5, 'feedbackId': 5, 'feedbackQuestionId': 40, 'response': 5}]"
6,3,13,2024-10-07 11:06:43.341672,"[{'id': 6, 'feedbackId': 6, 'feedbackQuestionId': 13, 'response': 1}]"
7,3,48,2024-10-07 11:06:43.341713,"[{'id': 7, 'feedbackId': 7, 'feedbackQuestionId': 48, 'response': 3}]"
8,3,36,2024-10-07 11:06:43.341760,"[{'id': 8, 'feedbackId': 8, 'feedbackQuestionId': 36, 'response': 5}]"
9,4,2,2024-10-07 11:06:43.341831,"[{'id': 9, 'feedbackId': 9, 'feedbackQuestionId': 2, 'response': 2}]"
10,4,21,2024-10-07 11:06:43.341894,"[{'id': 10, 'feedbackId': 10, 'feedbackQuestionId': 21, 'response': 3}]"
11,4,25,2024-10-07 11:06:43.341953,"[{'id': 11, 'feedbackId': 11, 'feedbackQuestionId': 25, 'response': 3}]"
12,4,20,2024-10-07 11:06:43.341993,"[{'id': 12, 'feedbackId': 12, 'feedbackQuestionId': 20, 'response': 1}]"
13,4,33,2024-10-07 11:06:43.342031,"[{'id': 13, 'feedbackId': 13, 'feedbackQuestionId': 33, 'response': 1}]"
14,5,17,2024-10-07 11:06:43.342087,"[{'id': 14, 'feedbackId': 14, 'feedbackQuestionId': 17, 'response': 4}]"
15,5,32,2024-10-07 11:06:43.342140,"[{'id': 15, 'feedbackId': 15, 'feedbackQuestionId': 32, 'response': 3}]"
16,5,14,2024-10-07 11:06:43.342191,"[{'id': 16, 'feedbackId': 16, 'feedbackQuestionId': 14, 'response': 1}]"
17,6,7,2024-10-07 11:06:43.342244,"[{'id': 17, 'feedbackId': 17, 'feedbackQuestionId': 7, 'response': 2}]"
18,6,12,2024-10-07 11:06:43.342295,"[{'id': 18, 'feedbackId': 18, 'feedbackQuestionId': 12, 'response': 1}]"
19,7,33,2024-10-07 11:06:43.342353,"[{'id': 19, 'feedbackId': 19, 'feedbackQuestionId': 33, 'response': 4}]"
20,7,44,2024-10-07 11:06:43.342395,"[{'id': 20, 'feedbackId': 20, 'feedbackQuestionId': 44, 'response': 5}]"
21,7,22,2024-10-07 11:06:43.342439,"[{'id': 21, 'feedbackId': 21, 'feedbackQuestionId': 22, 'response': 3}]"
22,8,8,2024-10-07 11:06:43.342494,"[{'id': 22, 'feedbackId': 22, 'feedbackQuestionId': 8, 'response': 1}]"
23,8,32,2024-10-07 11:06:43.342555,"[{'id': 23, 'feedbackId': 23, 'feedbackQuestionId': 32, 'response': 2}]"
24,8,38,2024-10-07 11:06:43.342596,"[{'id': 24, 'feedbackId': 24, 'feedbackQuestionId': 38, 'response': 1}]"
25,8,50,2024-10-07 11:06:43.342652,"[{'id': 25, 'feedbackId': 25, 'feedbackQuestionId': 50, 'response': 5}]"
26,8,25,2024-10-07 11:06:43.342700,"[{'id': 26, 'feedbackId': 26, 'feedbackQuestionId': 25, 'response': 2}]"
27,9,44,2024-10-07 11:06:43.342767,"[{'id': 27, 'feedbackId': 27, 'feedbackQuestionId': 44, 'response': 4}]"
28,9,31,2024-10-07 11:06:43.342810,"[{'id': 28, 'feedbackId': 28, 'feedbackQuestionId': 31, 'response': 4}]"
29,10,47,2024-10-07 11:06:43.342875,"[{'id': 29, 'feedbackId': 29, 'feedbackQuestionId': 47, 'response': 5}]"
30,10,6,2024-10-07 11:06:43.342921,"[{'id': 30, 'feedbackId': 30, 'feedbackQuestionId': 6, 'response': 4}]"
31,10,7,2024-10-07 11:06:43.342970,"[{'id': 31, 'feedbackId': 31, 'feedbackQuestionId': 7, 'response': 4}]"
32,10,50,2024-10-07 11:06:43.343017,"[{'id': 32, 'feedbackId': 32, 'feedbackQuestionId': 50, 'response': 3}]"
33,11,17,2024-10-07 11:06:43.343064,"[{'id': 33, 'feedbackId': 33, 'feedbackQuestionId': 17, 'response': 2}]"
34,11,10,2024-10-07 11:06:43.343111,"[{'id': 34, 'feedbackId': 34, 'feedbackQuestionId': 10, 'response': 1}]"
35,11,8,2024-10-07 11:06:43.343157,"[{'id': 35, 'feedbackId': 35, 'feedbackQuestionId': 8, 'response': 2}]"
36,12,27,2024-10-07 11:06:43.343206,"[{'id': 36, 'feedbackId': 36, 'feedbackQuestionId': 27, 'response': 1}]"
37,12,47,2024-10-07 11:06:43.343246,"[{'id': 37, 'feedbackId': 37, 'feedbackQuestionId': 47, 'response': 1}]"
38,13,49,2024-10-07 11:06:43.343290,"[{'id': 38, 'feedbackId': 38, 'feedbackQuestionId': 49, 'response': 3}]"
39,13,36,2024-10-07 11:06:43.343328,"[{'id': 39, 'feedbackId': 39, 'feedbackQuestionId': 36, 'response': 4}]"
40,13,10,2024-10-07 11:06:43.343368,"[{'id': 40, 'feedbackId': 40, 'feedbackQuestionId': 10, 'response': 5}]"
41,13,45,2024-10-07 11:06:43.343407,"[{'id': 41, 'feedbackId': 41, 'feedbackQuestionId': 45, 'response': 4}]"
42,13,46,2024-10-07 11:06:43.343456,"[{'id': 42, 'feedbackId': 42, 'feedbackQuestionId': 46, 'response': 5}]"
43,14,26,2024-10-07 11:06:43.343540,"[{'id': 43, 'feedbackId': 43, 'feedbackQuestionId': 26, 'response': 5}]"
44,14,9,2024-10-07 11:06:43.343621,"[{'id': 44, 'feedbackId': 44, 'feedbackQuestionId': 9, 'response': 2}]"
45,14,1,2024-10-07 11:06:43.343701,"[{'id': 45, 'feedbackId': 45, 'feedbackQuestionId': 1, 'response': 1}]"
46,15,14,2024-10-07 11:06:43.343763,"[{'id': 46, 'feedbackId': 46, 'feedbackQuestionId': 14, 'response': 2}]"
47,15,9,2024-10-07 11:06:43.343827,"[{'id': 47, 'feedbackId': 47, 'feedbackQuestionId': 9, 'response': 4}]"
48,15,37,2024-10-07 11:06:43.343870,"[{'id': 48, 'feedbackId': 48, 'feedbackQuestionId': 37, 'response': 1}]"
49,15,12,2024-10-07 11:06:43.343918,"[{'id': 49, 'feedbackId': 49, 'feedbackQuestionId': 12, 'response': 4}]"
50,16,41,2024-10-07 11:06:43.343981,"[{'id': 50, 'feedbackId': 50, 'feedbackQuestionId': 41, 'response': 4}]"
51,16,13,2024-10-07 11:06:43.344041,"[{'id': 51, 'feedbackId': 51, 'feedbackQuestionId': 13, 'response': 5}]"
52,16,4,2024-10-07 11:06:43.344080,"[{'id': 52, 'feedbackId': 52, 'feedbackQuestionId': 4, 'response': 4}]"
53,16,35,2024-10-07 11:06:43.344119,"[{'id': 53, 'feedbackId': 53, 'feedbackQuestionId': 35, 'response': 4}]"
54,17,34,2024-10-07 11:06:43.344172,"[{'id': 54, 'feedbackId': 54, 'feedbackQuestionId': 34, 'response': 2}]"
55,17,6,2024-10-07 11:06:43.344217,"[{'id': 55, 'feedbackId': 55, 'feedbackQuestionId': 6, 'response': 3}]"
56,17,14,2024-10-07 11:06:43.344388,"[{'id': 56, 'feedbackId': 56, 'feedbackQuestionId': 14, 'response': 2}]"
57,17,31,2024-10-07 11:06:43.344448,"[{'id': 57, 'feedbackId': 57, 'feedbackQuestionId': 31, 'response': 3}]"
58,18,2,2024-10-07 11:06:43.344501,"[{'id': 58, 'feedbackId': 58, 'feedbackQuestionId': 2, 'response': 1}]"
59,18,19,2024-10-07 11:06:43.344549,"[{'id': 59, 'feedbackId': 59, 'feedbackQuestionId': 19, 'response': 4}]"
60,18,13,2024-10-07 11:06:43.344593,"[{'id': 60, 'feedbackId': 60, 'feedbackQuestionId': 13, 'response': 2}]"
61,19,15,2024-10-07 11:06:43.344661,"[{'id': 61, 'feedbackId': 61, 'feedbackQuestionId': 15, 'response': 4}]"
62,19,13,2024-10-07 11:06:43.344705,"[{'id': 62, 'feedbackId': 62, 'feedbackQuestionId': 13, 'response': 1}]"
63,19,16,2024-10-07 11:06:43.344753,"[{'id': 63, 'feedbackId': 63, 'feedbackQuestionId': 16, 'response': 4}]"
64,19,38,2024-10-07 11:06:43.344799,"[{'id': 64, 'feedbackId': 64, 'feedbackQuestionId': 38, 'response': 3}]"
65,20,2,2024-10-07 11:06:43.344857,"[{'id': 65, 'feedbackId': 65, 'feedbackQuestionId': 2, 'response': 3}]"
66,20,1,2024-10-07 11:06:43.344921,"[{'id': 66, 'feedbackId': 66, 'feedbackQuestionId': 1, 'response': 1}]"
67,21,25,2024-10-07 11:06:43.344976,"[{'id': 67, 'feedbackId': 67, 'feedbackQuestionId': 25, 'response': 5}]"
68,21,23,2024-10-07 11:06:43.345043,"[{'id': 68, 'feedbackId': 68, 'feedbackQuestionId': 23, 'response': 3}]"
69,21,9,2024-10-07 11:06:43.345107,"[{'id': 69, 'feedbackId': 69, 'feedbackQuestionId': 9, 'response': 3}]"
70,22,32,2024-10-07 11:06:43.345160,"[{'id': 70, 'feedbackId': 70, 'feedbackQuestionId': 32, 'response': 5}]"
71,22,6,2024-10-07 11:06:43.345214,"[{'id': 71, 'feedbackId': 71, 'feedbackQuestionId': 6, 'response': 2}]"
72,23,45,2024-10-07 11:06:43.345260,"[{'id': 72, 'feedbackId': 72, 'feedbackQuestionId': 45, 'response': 3}]"
73,23,49,2024-10-07 11:06:43.345303,"[{'id': 73, 'feedbackId': 73, 'feedbackQuestionId': 49, 'response': 5}]"
74,23,3,2024-10-07 11:06:43.345353,"[{'id': 74, 'feedbackId': 74, 'feedbackQuestionId': 3, 'response': 5}]"
75,23,40,2024-10-07 11:06:43.345403,"[{'id': 75, 'feedbackId': 75, 'feedbackQuestionId': 40, 'response': 3}]"
76,24,50,2024-10-07 11:06:43.345448,"[{'id': 76, 'feedbackId': 76, 'feedbackQuestionId': 50, 'response': 3}]"
77,24,28,2024-10-07 11:06:43.345501,"[{'id': 77, 'feedbackId': 77, 'feedbackQuestionId': 28, 'response': 1}]"
78,24,4,2024-10-07 11:06:43.345543,"[{'id': 78, 'feedbackId': 78, 'feedbackQuestionId': 4, 'response': 3}]"
79,24,21,2024-10-07 11:06:43.345583,"[{'id': 79, 'feedbackId': 79, 'feedbackQuestionId': 21, 'response': 5}]"
80,25,32,2024-10-07 11:06:43.345628,"[{'id': 80, 'feedbackId': 80, 'feedbackQuestionId': 32, 'response': 2}]"
81,25,22,2024-10-07 11:06:43.345674,"[{'id': 81, 'feedbackId': 81, 'feedbackQuestionId': 22, 'response': 4}]"
82,26,49,2024-10-07 11:06:43.345722,"[{'id': 82, 'feedbackId': 82, 'feedbackQuestionId': 49, 'response': 3}]"
83,26,35,2024-10-07 11:06:43.345782,"[{'id': 83, 'feedbackId': 83, 'feedbackQuestionId': 35, 'response': 2}]"
84,26,31,2024-10-07 11:06:43.345823,"[{'id': 84, 'feedbackId': 84, 'feedbackQuestionId': 31, 'response': 3}]"
85,27,7,2024-10-07 11:06:43.345890,"[{'id': 85, 'feedbackId': 85, 'feedbackQuestionId': 7, 'response': 3}]"
86,27,23,2024-10-07 11:06:43.345949,"[{'id': 86, 'feedbackId': 86, 'feedbackQuestionId': 23, 'response': 5}]"
87,28,32,2024-10-07 11:06:43.345997,"[{'id': 87, 'feedbackId': 87, 'feedbackQuestionId': 32, 'response': 4}]"
88,28,2,2024-10-07 11:06:43.346039,"[{'id': 88, 'feedbackId': 88, 'feedbackQuestionId': 2, 'response': 5}]"
89,28,18,2024-10-07 11:06:43.346169,"[{'id': 89, 'feedbackId': 89, 'feedbackQuestionId': 18, 'response': 1}]"
90,29,47,2024-10-07 11:06:43.346229,"[{'id': 90, 'feedbackId': 90, 'feedbackQuestionId': 47, 'response': 1}]"
91,29,48,2024-10-07 11:06:43.346278,"[{'id': 91, 'feedbackId': 91, 'feedbackQuestionId': 48, 'response': 5}]"
92,29,41,2024-10-07 11:06:43.346328,"[{'id': 92, 'feedbackId': 92, 'feedbackQuestionId': 41, 'response': 2}]"
93,29,21,2024-10-07 11:06:43.346377,"[{'id': 93, 'feedbackId': 93, 'feedbackQuestionId': 21, 'response': 4}]"
94,29,2,2024-10-07 11:06:43.346415,"[{'id': 94, 'feedbackId': 94, 'feedbackQuestionId': 2, 'response': 4}]"
95,30,28,2024-10-07 11:06:43.346466,"[{'id': 95, 'feedbackId': 95, 'feedbackQuestionId': 28, 'response': 2}]"
96,30,16,2024-10-07 11:06:43.346510,"[{'id': 96, 'feedbackId': 96, 'feedbackQuestionId': 16, 'response': 2}]"
97,30,2,2024-10-07 11:06:43.346558,"[{'id': 97, 'feedbackId': 97, 'feedbackQuestionId': 2, 'response': 5}]"
98,30,20,2024-10-07 11:06:43.346595,"[{'id': 98, 'feedbackId': 98, 'feedbackQuestionId': 20, 'response': 1}]"
99,30,44,2024-10-07 11:06:43.346644,"[{'id': 99, 'feedbackId': 99, 'feedbackQuestionId': 44, 'response': 5}]"
100,31,20,2024-10-07 11:06:43.346721,"[{'id': 100, 'feedbackId': 100, 'feedbackQuestionId': 20, 'response': 4}]"
101,31,25,2024-10-07 11:06:43.346766,"[{'id': 101, 'feedbackId': 101, 'feedbackQuestionId': 25, 'response': 4}]"
102,31,3,2024-10-07 11:06:43.346813,"[{'id': 102, 'feedbackId': 102, 'feedbackQuestionId': 3, 'response': 5}]"
103,32,49,2024-10-07 11:06:43.346882,"[{'id': 103, 'feedbackId': 103, 'feedbackQuestionId': 49, 'response': 3}]"
104,32,42,2024-10-07 11:06:43.346921,"[{'id': 104, 'feedbackId': 104, 'feedbackQuestionId': 42, 'response': 5}]"
105,32,1,2024-10-07 11:06:43.346986,"[{'id': 105, 'feedbackId': 105, 'feedbackQuestionId': 1, 'response': 4}]"
106,32,9,2024-10-07 11:06:43.347044,"[{'id': 106, 'feedbackId': 106, 'feedbackQuestionId': 9, 'response': 2}]"
107,33,24,2024-10-07 11:06:43.347099,"[{'id': 107, 'feedbackId': 107, 'feedbackQuestionId': 24, 'response': 2}]"
108,33,44,2024-10-07 11:06:43.347139,"[{'id': 108, 'feedbackId': 108, 'feedbackQuestionId': 44, 'response': 3}]"
109,33,34,2024-10-07 11:06:43.347199,"[{'id': 109, 'feedbackId': 109, 'feedbackQuestionId': 34, 'response': 3}]"
110,34,35,2024-10-07 11:06:43.347265,"[{'id': 110, 'feedbackId': 110, 'feedbackQuestionId': 35, 'response': 3}]"
111,34,26,2024-10-07 11:06:43.347314,"[{'id': 111, 'feedbackId': 111, 'feedbackQuestionId': 26, 'response': 2}]"
112,34,40,2024-10-07 11:06:43.347359,"[{'id': 112, 'feedbackId': 112, 'feedbackQuestionId': 40, 'response': 4}]"
113,35,38,2024-10-07 11:06:43.347409,"[{'id': 113, 'feedbackId': 113, 'feedbackQuestionId': 38, 'response': 2}]"
114,35,28,2024-10-07 11:06:43.347451,"[{'id': 114, 'feedbackId': 114, 'feedbackQuestionId': 28, 'response': 4}]"
115,35,37,2024-10-07 11:06:43.347496,"[{'id': 115, 'feedbackId': 115, 'feedbackQuestionId': 37, 'response': 1}]"
116,35,26,2024-10-07 11:06:43.347537,"[{'id': 116, 'feedbackId': 116, 'feedbackQuestionId': 26, 'response': 2}]"
117,35,24,2024-10-07 11:06:43.347580,"[{'id': 117, 'feedbackId': 117, 'feedbackQuestionId': 24, 'response': 5}]"
118,36,28,2024-10-07 11:06:43.347630,"[{'id': 118, 'feedbackId': 118, 'feedbackQuestionId': 28, 'response': 3}]"
119,36,36,2024-10-07 11:06:43.347670,"[{'id': 119, 'feedbackId': 119, 'feedbackQuestionId': 36, 'response': 4}]"
120,36,42,2024-10-07 11:06:43.347712,"[{'id': 120, 'feedbackId': 120, 'feedbackQuestionId': 42, 'response': 3}]"
121,37,31,2024-10-07 11:06:43.347757,"[{'id': 121, 'feedbackId': 121, 'feedbackQuestionId': 31, 'response': 1}]"
122,37,45,2024-10-07 11:06:43.347800,"[{'id': 122, 'feedbackId': 122, 'feedbackQuestionId': 45, 'response': 2}]"
123,37,24,2024-10-07 11:06:43.347841,"[{'id': 123, 'feedbackId': 123, 'feedbackQuestionId': 24, 'response': 3}]"
124,38,10,2024-10-07 11:06:43.347903,"[{'id': 124, 'feedbackId': 124, 'feedbackQuestionId': 10, 'response': 2}]"
125,38,15,2024-10-07 11:06:43.347966,"[{'id': 125, 'feedbackId': 125, 'feedbackQuestionId': 15, 'response': 4}]"
126,39,37,2024-10-07 11:06:43.348013,"[{'id': 126, 'feedbackId': 126, 'feedbackQuestionId': 37, 'response': 1}]"
127,39,29,2024-10-07 11:06:43.348073,"[{'id': 127, 'feedbackId': 127, 'feedbackQuestionId': 29, 'response': 1}]"
128,40,49,2024-10-07 11:06:43.348126,"[{'id': 128, 'feedbackId': 128, 'feedbackQuestionId': 49, 'response': 5}]"
129,40,8,2024-10-07 11:06:43.348182,"[{'id': 129, 'feedbackId': 129, 'feedbackQuestionId': 8, 'response': 2}]"
130,40,24,2024-10-07 11:06:43.348225,"[{'id': 130, 'feedbackId': 130, 'feedbackQuestionId': 24, 'response': 1}]"
131,40,6,2024-10-07 11:06:43.348308,"[{'id': 131, 'feedbackId': 131, 'feedbackQuestionId': 6, 'response': 5}]"
132,40,15,2024-10-07 11:06:43.348388,"[{'id': 132, 'feedbackId': 132, 'feedbackQuestionId': 15, 'response': 5}]"
133,41,39,2024-10-07 11:06:43.348447,"[{'id': 133, 'feedbackId': 133, 'feedbackQuestionId': 39, 'response': 3}]"
134,41,14,2024-10-07 11:06:43.348491,"[{'id': 134, 'feedbackId': 134, 'feedbackQuestionId': 14, 'response': 5}]"
135,41,17,2024-10-07 11:06:43.348533,"[{'id': 135, 'feedbackId': 135, 'feedbackQuestionId': 17, 'response': 3}]"
136,41,29,2024-10-07 11:06:43.348574,"[{'id': 136, 'feedbackId': 136, 'feedbackQuestionId': 29, 'response': 1}]"
137,41,9,2024-10-07 11:06:43.348620,"[{'id': 137, 'feedbackId': 137, 'feedbackQuestionId': 9, 'response': 3}]"
138,42,16,2024-10-07 11:06:43.348664,"[{'id': 138, 'feedbackId': 138, 'feedbackQuestionId': 16, 'response': 4}]"
139,42,36,2024-10-07 11:06:43.348702,"[{'id': 139, 'feedbackId': 139, 'feedbackQuestionId': 36, 'response': 5}]"
140,42,10,2024-10-07 11:06:43.348742,"[{'id': 140, 'feedbackId': 140, 'feedbackQuestionId': 10, 'response': 3}]"
141,42,42,2024-10-07 11:06:43.348803,"[{'id': 141, 'feedbackId': 141, 'feedbackQuestionId': 42, 'response': 5}]"
142,43,6,2024-10-07 11:06:43.348858,"[{'id': 142, 'feedbackId': 142, 'feedbackQuestionId': 6, 'response': 1}]"
143,43,36,2024-10-07 11:06:43.348910,"[{'id': 143, 'feedbackId': 143, 'feedbackQuestionId': 36, 'response': 3}]"
144,43,15,2024-10-07 11:06:43.348950,"[{'id': 144, 'feedbackId': 144, 'feedbackQuestionId': 15, 'response': 2}]"
145,44,14,2024-10-07 11:06:43.349030,"[{'id': 145, 'feedbackId': 145, 'feedbackQuestionId': 14, 'response': 3}]"
146,44,31,2024-10-07 11:06:43.349091,"[{'id': 146, 'feedbackId': 146, 'feedbackQuestionId': 31, 'response': 5}]"
147,44,15,2024-10-07 11:06:43.349138,"[{'id': 147, 'feedbackId': 147, 'feedbackQuestionId': 15, 'response': 2}]"
148,44,21,2024-10-07 11:06:43.349199,"[{'id': 148, 'feedbackId': 148, 'feedbackQuestionId': 21, 'response': 1}]"
149,44,23,2024-10-07 11:06:43.349241,"[{'id': 149, 'feedbackId': 149, 'feedbackQuestionId': 23, 'response': 4}]"
150,45,2,2024-10-07 11:06:43.349308,"[{'id': 150, 'feedbackId': 150, 'feedbackQuestionId': 2, 'response': 1}]"
151,45,3,2024-10-07 11:06:43.349355,"[{'id': 151, 'feedbackId': 151, 'feedbackQuestionId': 3, 'response': 1}]"
152,45,18,2024-10-07 11:06:43.349394,"[{'id': 152, 'feedbackId': 152, 'feedbackQuestionId': 18, 'response': 5}]"
153,45,22,2024-10-07 11:06:43.349461,"[{'id': 153, 'feedbackId': 153, 'feedbackQuestionId': 22, 'response': 4}]"
154,45,45,2024-10-07 11:06:43.349516,"[{'id': 154, 'feedbackId': 154, 'feedbackQuestionId': 45, 'response': 5}]"
155,46,17,2024-10-07 11:06:43.349562,"[{'id': 155, 'feedbackId': 155, 'feedbackQuestionId': 17, 'response': 1}]"
156,46,34,2024-10-07 11:06:43.349604,"[{'id': 156, 'feedbackId': 156, 'feedbackQuestionId': 34, 'response': 1}]"
157,46,47,2024-10-07 11:06:43.349644,"[{'id': 157, 'feedbackId': 157, 'feedbackQuestionId': 47, 'response': 3}]"
158,46,26,2024-10-07 11:06:43.349682,"[{'id': 158, 'feedbackId': 158, 'feedbackQuestionId': 26, 'response': 5}]"
159,46,16,2024-10-07 11:06:43.349728,"[{'id': 159, 'feedbackId': 159, 'feedbackQuestionId': 16, 'response': 5}]"
160,47,12,2024-10-07 11:06:43.349785,"[{'id': 160, 'feedbackId': 160, 'feedbackQuestionId': 12, 'response': 2}]"
161,47,41,2024-10-07 11:06:43.349823,"[{'id': 161, 'feedbackId': 161, 'feedbackQuestionId': 41, 'response': 3}]"
162,47,34,2024-10-07 11:06:43.349882,"[{'id': 162, 'feedbackId': 162, 'feedbackQuestionId': 34, 'response': 4}]"
163,47,32,2024-10-07 11:06:43.349927,"[{'id': 163, 'feedbackId': 163, 'feedbackQuestionId': 32, 'response': 4}]"
164,48,43,2024-10-07 11:06:43.349974,"[{'id': 164, 'feedbackId': 164, 'feedbackQuestionId': 43, 'response': 3}]"
165,48,31,2024-10-07 11:06:43.350025,"[{'id': 165, 'feedbackId': 165, 'feedbackQuestionId': 31, 'response': 1}]"
166,49,48,2024-10-07 11:06:43.350077,"[{'id': 166, 'feedbackId': 166, 'feedbackQuestionId': 48, 'response': 3}]"
167,49,41,2024-10-07 11:06:43.350124,"[{'id': 167, 'feedbackId': 167, 'feedbackQuestionId': 41, 'response': 4}]"
168,49,31,2024-10-07 11:06:43.350174,"[{'id': 168, 'feedbackId': 168, 'feedbackQuestionId': 31, 'response': 5}]"
169,50,7,2024-10-07 11:06:43.350235,"[{'id': 169, 'feedbackId': 169, 'feedbackQuestionId': 7, 'response': 5}]"
170,50,44,2024-10-07 11:06:43.350275,"[{'id': 170, 'feedbackId': 170, 'feedbackQuestionId': 44, 'response': 1}]"
171,51,44,2024-10-07 11:06:43.350327,"[{'id': 171, 'feedbackId': 171, 'feedbackQuestionId': 44, 'response': 5}]"
172,51,8,2024-10-07 11:06:43.350395,"[{'id': 172, 'feedbackId': 172, 'feedbackQuestionId': 8, 'response': 2}]"
173,51,9,2024-10-07 11:06:43.350451,"[{'id': 173, 'feedbackId': 173, 'feedbackQuestionId': 9, 'response': 4}]"
174,52,43,2024-10-07 11:06:43.350523,"[{'id': 174, 'feedbackId': 174, 'feedbackQuestionId': 43, 'response': 5}]"
175,52,39,2024-10-07 11:06:43.350595,"[{'id': 175, 'feedbackId': 175, 'feedbackQuestionId': 39, 'response': 2}]"
176,52,50,2024-10-07 11:06:43.350644,"[{'id': 176, 'feedbackId': 176, 'feedbackQuestionId': 50, 'response': 4}]"
177,52,28,2024-10-07 11:06:43.350686,"[{'id': 177, 'feedbackId': 177, 'feedbackQuestionId': 28, 'response': 5}]"
178,52,38,2024-10-07 11:06:43.350727,"[{'id': 178, 'feedbackId': 178, 'feedbackQuestionId': 38, 'response': 4}]"
179,53,8,2024-10-07 11:06:43.350786,"[{'id': 179, 'feedbackId': 179, 'feedbackQuestionId': 8, 'response': 3}]"
180,53,42,2024-10-07 11:06:43.350832,"[{'id': 180, 'feedbackId': 180, 'feedbackQuestionId': 42, 'response': 1}]"
181,53,44,2024-10-07 11:06:43.350872,"[{'id': 181, 'feedbackId': 181, 'feedbackQuestionId': 44, 'response': 4}]"
182,54,8,2024-10-07 11:06:43.350977,"[{'id': 182, 'feedbackId': 182, 'feedbackQuestionId': 8, 'response': 5}]"
183,54,1,2024-10-07 11:06:43.351020,"[{'id': 183, 'feedbackId': 183, 'feedbackQuestionId': 1, 'response': 5}]"
184,55,19,2024-10-07 11:06:43.351065,"[{'id': 184, 'feedbackId': 184, 'feedbackQuestionId': 19, 'response': 2}]"
185,55,33,2024-10-07 11:06:43.351106,"[{'id': 185, 'feedbackId': 185, 'feedbackQuestionId': 33, 'response': 4}]"
186,55,45,2024-10-07 11:06:43.351149,"[{'id': 186, 'feedbackId': 186, 'feedbackQuestionId': 45, 'response': 2}]"
187,56,19,2024-10-07 11:06:43.351208,"[{'id': 187, 'feedbackId': 187, 'feedbackQuestionId': 19, 'response': 4}]"
188,56,32,2024-10-07 11:06:43.351262,"[{'id': 188, 'feedbackId': 188, 'feedbackQuestionId': 32, 'response': 3}]"
189,56,40,2024-10-07 11:06:43.351309,"[{'id': 189, 'feedbackId': 189, 'feedbackQuestionId': 40, 'response': 1}]"
190,57,16,2024-10-07 11:06:43.351358,"[{'id': 190, 'feedbackId': 190, 'feedbackQuestionId': 16, 'response': 3}]"
191,57,21,2024-10-07 11:06:43.351400,"[{'id': 191, 'feedbackId': 191, 'feedbackQuestionId': 21, 'response': 2}]"
192,57,33,2024-10-07 11:06:43.351454,"[{'id': 192, 'feedbackId': 192, 'feedbackQuestionId': 33, 'response': 4}]"
193,58,28,2024-10-07 11:06:43.351524,"[{'id': 193, 'feedbackId': 193, 'feedbackQuestionId': 28, 'response': 4}]"
194,58,34,2024-10-07 11:06:43.351566,"[{'id': 194, 'feedbackId': 194, 'feedbackQuestionId': 34, 'response': 3}]"
195,58,3,2024-10-07 11:06:43.351615,"[{'id': 195, 'feedbackId': 195, 'feedbackQuestionId': 3, 'response': 3}]"
196,58,25,2024-10-07 11:06:43.351673,"[{'id': 196, 'feedbackId': 196, 'feedbackQuestionId': 25, 'response': 1}]"
197,59,7,2024-10-07 11:06:43.351728,"[{'id': 197, 'feedbackId': 197, 'feedbackQuestionId': 7, 'response': 5}]"
198,59,46,2024-10-07 11:06:43.351769,"[{'id': 198, 'feedbackId': 198, 'feedbackQuestionId': 46, 'response': 5}]"
199,59,5,2024-10-07 11:06:43.351834,"[{'id': 199, 'feedbackId': 199, 'feedbackQuestionId': 5, 'response': 1}]"
200,60,50,2024-10-07 11:06:43.351910,"[{'id': 200, 'feedbackId': 200, 'feedbackQuestionId': 50, 'response': 2}]"
201,60,9,2024-10-07 11:06:43.351962,"[{'id': 201, 'feedbackId': 201, 'feedbackQuestionId': 9, 'response': 5}]"
202,60,2,2024-10-07 11:06:43.352016,"[{'id': 202, 'feedbackId': 202, 'feedbackQuestionId': 2, 'response': 3}]"
203,60,23,2024-10-07 11:06:43.352067,"[{'id': 203, 'feedbackId': 203, 'feedbackQuestionId': 23, 'response': 4}]"
204,60,38,2024-10-07 11:06:43.352110,"[{'id': 204, 'feedbackId': 204, 'feedbackQuestionId': 38, 'response': 2}]"
205,61,39,2024-10-07 11:06:43.352194,"[{'id': 205, 'feedbackId': 205, 'feedbackQuestionId': 39, 'response': 3}]"
206,61,29,2024-10-07 11:06:43.352299,"[{'id': 206, 'feedbackId': 206, 'feedbackQuestionId': 29, 'response': 3}]"
207,61,6,2024-10-07 11:06:43.352372,"[{'id': 207, 'feedbackId': 207, 'feedbackQuestionId': 6, 'response': 3}]"
208,61,21,2024-10-07 11:06:43.352445,"[{'id': 208, 'feedbackId': 208, 'feedbackQuestionId': 21, 'response': 2}]"
209,62,7,2024-10-07 11:06:43.352513,"[{'id': 209, 'feedbackId': 209, 'feedbackQuestionId': 7, 'response': 3}]"
210,62,12,2024-10-07 11:06:43.352559,"[{'id': 210, 'feedbackId': 210, 'feedbackQuestionId': 12, 'response': 2}]"
211,62,10,2024-10-07 11:06:43.352601,"[{'id': 211, 'feedbackId': 211, 'feedbackQuestionId': 10, 'response': 5}]"
212,62,37,2024-10-07 11:06:43.352640,"[{'id': 212, 'feedbackId': 212, 'feedbackQuestionId': 37, 'response': 1}]"
213,63,2,2024-10-07 11:06:43.352687,"[{'id': 213, 'feedbackId': 213, 'feedbackQuestionId': 2, 'response': 5}]"
214,63,24,2024-10-07 11:06:43.352738,"[{'id': 214, 'feedbackId': 214, 'feedbackQuestionId': 24, 'response': 5}]"
215,63,31,2024-10-07 11:06:43.352786,"[{'id': 215, 'feedbackId': 215, 'feedbackQuestionId': 31, 'response': 4}]"
216,63,50,2024-10-07 11:06:43.352834,"[{'id': 216, 'feedbackId': 216, 'feedbackQuestionId': 50, 'response': 2}]"
217,63,28,2024-10-07 11:06:43.352869,"[{'id': 217, 'feedbackId': 217, 'feedbackQuestionId': 28, 'response': 4}]"
218,64,45,2024-10-07 11:06:43.352917,"[{'id': 218, 'feedbackId': 218, 'feedbackQuestionId': 45, 'response': 2}]"
219,64,31,2024-10-07 11:06:43.352963,"[{'id': 219, 'feedbackId': 219, 'feedbackQuestionId': 31, 'response': 1}]"
220,64,16,2024-10-07 11:06:43.353030,"[{'id': 220, 'feedbackId': 220, 'feedbackQuestionId': 16, 'response': 5}]"
221,65,37,2024-10-07 11:06:43.353113,"[{'id': 221, 'feedbackId': 221, 'feedbackQuestionId': 37, 'response': 4}]"
222,65,16,2024-10-07 11:06:43.353158,"[{'id': 222, 'feedbackId': 222, 'feedbackQuestionId': 16, 'response': 2}]"
223,66,17,2024-10-07 11:06:43.353202,"[{'id': 223, 'feedbackId': 223, 'feedbackQuestionId': 17, 'response': 2}]"
224,66,42,2024-10-07 11:06:43.353243,"[{'id': 224, 'feedbackId': 224, 'feedbackQuestionId': 42, 'response': 2}]"
225,66,25,2024-10-07 11:06:43.353288,"[{'id': 225, 'feedbackId': 225, 'feedbackQuestionId': 25, 'response': 2}]"
226,67,13,2024-10-07 11:06:43.353341,"[{'id': 226, 'feedbackId': 226, 'feedbackQuestionId': 13, 'response': 2}]"
227,67,28,2024-10-07 11:06:43.353387,"[{'id': 227, 'feedbackId': 227, 'feedbackQuestionId': 28, 'response': 4}]"
228,67,25,2024-10-07 11:06:43.353434,"[{'id': 228, 'feedbackId': 228, 'feedbackQuestionId': 25, 'response': 3}]"
229,67,18,2024-10-07 11:06:43.353476,"[{'id': 229, 'feedbackId': 229, 'feedbackQuestionId': 18, 'response': 4}]"
230,67,4,2024-10-07 11:06:43.353541,"[{'id': 230, 'feedbackId': 230, 'feedbackQuestionId': 4, 'response': 5}]"
231,68,4,2024-10-07 11:06:43.353590,"[{'id': 231, 'feedbackId': 231, 'feedbackQuestionId': 4, 'response': 5}]"
232,68,2,2024-10-07 11:06:43.353631,"[{'id': 232, 'feedbackId': 232, 'feedbackQuestionId': 2, 'response': 1}]"
233,69,9,2024-10-07 11:06:43.353689,"[{'id': 233, 'feedbackId': 233, 'feedbackQuestionId': 9, 'response': 2}]"
234,69,26,2024-10-07 11:06:43.353749,"[{'id': 234, 'feedbackId': 234, 'feedbackQuestionId': 26, 'response': 3}]"
235,69,48,2024-10-07 11:06:43.353801,"[{'id': 235, 'feedbackId': 235, 'feedbackQuestionId': 48, 'response': 2}]"
236,70,38,2024-10-07 11:06:43.353856,"[{'id': 236, 'feedbackId': 236, 'feedbackQuestionId': 38, 'response': 4}]"
237,70,31,2024-10-07 11:06:43.353898,"[{'id': 237, 'feedbackId': 237, 'feedbackQuestionId': 31, 'response': 5}]"
238,71,30,2024-10-07 11:06:43.353948,"[{'id': 238, 'feedbackId': 238, 'feedbackQuestionId': 30, 'response': 3}]"
239,71,27,2024-10-07 11:06:43.353990,"[{'id': 239, 'feedbackId': 239, 'feedbackQuestionId': 27, 'response': 4}]"
240,71,22,2024-10-07 11:06:43.354037,"[{'id': 240, 'feedbackId': 240, 'feedbackQuestionId': 22, 'response': 3}]"
241,71,48,2024-10-07 11:06:43.354079,"[{'id': 241, 'feedbackId': 241, 'feedbackQuestionId': 48, 'response': 1}]"
242,72,31,2024-10-07 11:06:43.354123,"[{'id': 242, 'feedbackId': 242, 'feedbackQuestionId': 31, 'response': 3}]"
243,72,20,2024-10-07 11:06:43.354182,"[{'id': 243, 'feedbackId': 243, 'feedbackQuestionId': 20, 'response': 5}]"
244,73,32,2024-10-07 11:06:43.354252,"[{'id': 244, 'feedbackId': 244, 'feedbackQuestionId': 32, 'response': 5}]"
245,73,10,2024-10-07 11:06:43.354312,"[{'id': 245, 'feedbackId': 245, 'feedbackQuestionId': 10, 'response': 1}]"
246,73,14,2024-10-07 11:06:43.354361,"[{'id': 246, 'feedbackId': 246, 'feedbackQuestionId': 14, 'response': 1}]"
247,73,16,2024-10-07 11:06:43.354400,"[{'id': 247, 'feedbackId': 247, 'feedbackQuestionId': 16, 'response': 2}]"
248,73,5,2024-10-07 11:06:43.354450,"[{'id': 248, 'feedbackId': 248, 'feedbackQuestionId': 5, 'response': 2}]"
249,74,10,2024-10-07 11:06:43.354510,"[{'id': 249, 'feedbackId': 249, 'feedbackQuestionId': 10, 'response': 2}]"
250,74,27,2024-10-07 11:06:43.354558,"[{'id': 250, 'feedbackId': 250, 'feedbackQuestionId': 27, 'response': 5}]"
251,74,15,2024-10-07 11:06:43.354626,"[{'id': 251, 'feedbackId': 251, 'feedbackQuestionId': 15, 'response': 3}]"
252,74,37,2024-10-07 11:06:43.354679,"[{'id': 252, 'feedbackId': 252, 'feedbackQuestionId': 37, 'response': 1}]"
253,75,20,2024-10-07 11:06:43.354744,"[{'id': 253, 'feedbackId': 253, 'feedbackQuestionId': 20, 'response': 5}]"
254,75,39,2024-10-07 11:06:43.354787,"[{'id': 254, 'feedbackId': 254, 'feedbackQuestionId': 39, 'response': 3}]"
255,75,2,2024-10-07 11:06:43.354846,"[{'id': 255, 'feedbackId': 255, 'feedbackQuestionId': 2, 'response': 2}]"
256,75,5,2024-10-07 11:06:43.354892,"[{'id': 256, 'feedbackId': 256, 'feedbackQuestionId': 5, 'response': 3}]"
257,76,39,2024-10-07 11:06:43.354959,"[{'id': 257, 'feedbackId': 257, 'feedbackQuestionId': 39, 'response': 3}]"
258,76,37,2024-10-07 11:06:43.355039,"[{'id': 258, 'feedbackId': 258, 'feedbackQuestionId': 37, 'response': 1}]"
259,76,38,2024-10-07 11:06:43.355124,"[{'id': 259, 'feedbackId': 259, 'feedbackQuestionId': 38, 'response': 2}]"
260,77,27,2024-10-07 11:06:43.355184,"[{'id': 260, 'feedbackId': 260, 'feedbackQuestionId': 27, 'response': 4}]"
261,77,18,2024-10-07 11:06:43.355234,"[{'id': 261, 'feedbackId': 261, 'feedbackQuestionId': 18, 'response': 4}]"
262,77,40,2024-10-07 11:06:43.355296,"[{'id': 262, 'feedbackId': 262, 'feedbackQuestionId': 40, 'response': 1}]"
263,77,21,2024-10-07 11:06:43.355388,"[{'id': 263, 'feedbackId': 263, 'feedbackQuestionId': 21, 'response': 5}]"
264,78,4,2024-10-07 11:06:43.355478,"[{'id': 264, 'feedbackId': 264, 'feedbackQuestionId': 4, 'response': 4}]"
265,78,36,2024-10-07 11:06:43.355561,"[{'id': 265, 'feedbackId': 265, 'feedbackQuestionId': 36, 'response': 5}]"
266,78,17,2024-10-07 11:06:43.355621,"[{'id': 266, 'feedbackId': 266, 'feedbackQuestionId': 17, 'response': 3}]"
267,78,24,2024-10-07 11:06:43.355687,"[{'id': 267, 'feedbackId': 267, 'feedbackQuestionId': 24, 'response': 2}]"
268,79,19,2024-10-07 11:06:43.355759,"[{'id': 268, 'feedbackId': 268, 'feedbackQuestionId': 19, 'response': 3}]"
269,79,48,2024-10-07 11:06:43.355801,"[{'id': 269, 'feedbackId': 269, 'feedbackQuestionId': 48, 'response': 1}]"
270,79,31,2024-10-07 11:06:43.355854,"[{'id': 270, 'feedbackId': 270, 'feedbackQuestionId': 31, 'response': 4}]"
271,80,45,2024-10-07 11:06:43.355950,"[{'id': 271, 'feedbackId': 271, 'feedbackQuestionId': 45, 'response': 4}]"
272,80,16,2024-10-07 11:06:43.356023,"[{'id': 272, 'feedbackId': 272, 'feedbackQuestionId': 16, 'response': 1}]"
273,80,7,2024-10-07 11:06:43.356080,"[{'id': 273, 'feedbackId': 273, 'feedbackQuestionId': 7, 'response': 4}]"
274,80,14,2024-10-07 11:06:43.356142,"[{'id': 274, 'feedbackId': 274, 'feedbackQuestionId': 14, 'response': 4}]"
275,81,44,2024-10-07 11:06:43.356204,"[{'id': 275, 'feedbackId': 275, 'feedbackQuestionId': 44, 'response': 5}]"
276,81,31,2024-10-07 11:06:43.356249,"[{'id': 276, 'feedbackId': 276, 'feedbackQuestionId': 31, 'response': 3}]"
277,81,1,2024-10-07 11:06:43.356324,"[{'id': 277, 'feedbackId': 277, 'feedbackQuestionId': 1, 'response': 5}]"
278,81,37,2024-10-07 11:06:43.356440,"[{'id': 278, 'feedbackId': 278, 'feedbackQuestionId': 37, 'response': 3}]"
279,81,45,2024-10-07 11:06:43.356487,"[{'id': 279, 'feedbackId': 279, 'feedbackQuestionId': 45, 'response': 1}]"
280,82,49,2024-10-07 11:06:43.356540,"[{'id': 280, 'feedbackId': 280, 'feedbackQuestionId': 49, 'response': 5}]"
281,82,20,2024-10-07 11:06:43.356582,"[{'id': 281, 'feedbackId': 281, 'feedbackQuestionId': 20, 'response': 2}]"
282,82,38,2024-10-07 11:06:43.356631,"[{'id': 282, 'feedbackId': 282, 'feedbackQuestionId': 38, 'response': 3}]"
283,83,6,2024-10-07 11:06:43.356706,"[{'id': 283, 'feedbackId': 283, 'feedbackQuestionId': 6, 'response': 5}]"
284,83,36,2024-10-07 11:06:43.356755,"[{'id': 284, 'feedbackId': 284, 'feedbackQuestionId': 36, 'response': 5}]"
285,83,42,2024-10-07 11:06:43.356808,"[{'id': 285, 'feedbackId': 285, 'feedbackQuestionId': 42, 'response': 1}]"
286,83,50,2024-10-07 11:06:43.356851,"[{'id': 286, 'feedbackId': 286, 'feedbackQuestionId': 50, 'response': 5}]"
287,83,46,2024-10-07 11:06:43.356894,"[{'id': 287, 'feedbackId': 287, 'feedbackQuestionId': 46, 'response': 1}]"
288,84,38,2024-10-07 11:06:43.356946,"[{'id': 288, 'feedbackId': 288, 'feedbackQuestionId': 38, 'response': 1}]"
289,84,22,2024-10-07 11:06:43.357008,"[{'id': 289, 'feedbackId': 289, 'feedbackQuestionId': 22, 'response': 5}]"
290,84,34,2024-10-07 11:06:43.357062,"[{'id': 290, 'feedbackId': 290, 'feedbackQuestionId': 34, 'response': 5}]"
291,84,37,2024-10-07 11:06:43.357106,"[{'id': 291, 'feedbackId': 291, 'feedbackQuestionId': 37, 'response': 4}]"
292,84,23,2024-10-07 11:06:43.357148,"[{'id': 292, 'feedbackId': 292, 'feedbackQuestionId': 23, 'response': 4}]"
293,85,47,2024-10-07 11:06:43.357202,"[{'id': 293, 'feedbackId': 293, 'feedbackQuestionId': 47, 'response': 2}]"
294,85,5,2024-10-07 11:06:43.357242,"[{'id': 294, 'feedbackId': 294, 'feedbackQuestionId': 5, 'response': 5}]"
295,86,13,2024-10-07 11:06:43.357286,"[{'id': 295, 'feedbackId': 295, 'feedbackQuestionId': 13, 'response': 4}]"
296,86,30,2024-10-07 11:06:43.357364,"[{'id': 296, 'feedbackId': 296, 'feedbackQuestionId': 30, 'response': 5}]"
297,87,50,2024-10-07 11:06:43.357449,"[{'id': 297, 'feedbackId': 297, 'feedbackQuestionId': 50, 'response': 2}]"
298,87,30,2024-10-07 11:06:43.357534,"[{'id': 298, 'feedbackId': 298, 'feedbackQuestionId': 30, 'response': 3}]"
299,88,29,2024-10-07 11:06:43.357621,"[{'id': 299, 'feedbackId': 299, 'feedbackQuestionId': 29, 'response': 3}]"
300,88,18,2024-10-07 11:06:43.357665,"[{'id': 300, 'feedbackId': 300, 'feedbackQuestionId': 18, 'response': 1}]"
301,88,2,2024-10-07 11:06:43.357715,"[{'id': 301, 'feedbackId': 301, 'feedbackQuestionId': 2, 'response': 4}]"
302,88,44,2024-10-07 11:06:43.357788,"[{'id': 302, 'feedbackId': 302, 'feedbackQuestionId': 44, 'response': 2}]"
303,89,33,2024-10-07 11:06:43.357864,"[{'id': 303, 'feedbackId': 303, 'feedbackQuestionId': 33, 'response': 2}]"
304,89,9,2024-10-07 11:06:43.357943,"[{'id': 304, 'feedbackId': 304, 'feedbackQuestionId': 9, 'response': 2}]"
305,89,27,2024-10-07 11:06:43.357984,"[{'id': 305, 'feedbackId': 305, 'feedbackQuestionId': 27, 'response': 5}]"
306,89,3,2024-10-07 11:06:43.358033,"[{'id': 306, 'feedbackId': 306, 'feedbackQuestionId': 3, 'response': 1}]"
307,90,14,2024-10-07 11:06:43.358107,"[{'id': 307, 'feedbackId': 307, 'feedbackQuestionId': 14, 'response': 2}]"
308,90,15,2024-10-07 11:06:43.358155,"[{'id': 308, 'feedbackId': 308, 'feedbackQuestionId': 15, 'response': 4}]"
309,90,22,2024-10-07 11:06:43.358207,"[{'id': 309, 'feedbackId': 309, 'feedbackQuestionId': 22, 'response': 5}]"
310,90,34,2024-10-07 11:06:43.358257,"[{'id': 310, 'feedbackId': 310, 'feedbackQuestionId': 34, 'response': 2}]"
311,91,49,2024-10-07 11:06:43.358303,"[{'id': 311, 'feedbackId': 311, 'feedbackQuestionId': 49, 'response': 5}]"
312,91,5,2024-10-07 11:06:43.358349,"[{'id': 312, 'feedbackId': 312, 'feedbackQuestionId': 5, 'response': 1}]"
313,91,2,2024-10-07 11:06:43.358388,"[{'id': 313, 'feedbackId': 313, 'feedbackQuestionId': 2, 'response': 2}]"
314,91,48,2024-10-07 11:06:43.358449,"[{'id': 314, 'feedbackId': 314, 'feedbackQuestionId': 48, 'response': 1}]"
315,91,4,2024-10-07 11:06:43.358502,"[{'id': 315, 'feedbackId': 315, 'feedbackQuestionId': 4, 'response': 4}]"
316,92,42,2024-10-07 11:06:43.358556,"[{'id': 316, 'feedbackId': 316, 'feedbackQuestionId': 42, 'response': 5}]"
317,92,41,2024-10-07 11:06:43.358602,"[{'id': 317, 'feedbackId': 317, 'feedbackQuestionId': 41, 'response': 5}]"
318,92,35,2024-10-07 11:06:43.358645,"[{'id': 318, 'feedbackId': 318, 'feedbackQuestionId': 35, 'response': 3}]"
319,92,13,2024-10-07 11:06:43.358695,"[{'id': 319, 'feedbackId': 319, 'feedbackQuestionId': 13, 'response': 3}]"
320,92,49,2024-10-07 11:06:43.358741,"[{'id': 320, 'feedbackId': 320, 'feedbackQuestionId': 49, 'response': 3}]"
321,93,23,2024-10-07 11:06:43.358808,"[{'id': 321, 'feedbackId': 321, 'feedbackQuestionId': 23, 'response': 3}]"
322,93,43,2024-10-07 11:06:43.358847,"[{'id': 322, 'feedbackId': 322, 'feedbackQuestionId': 43, 'response': 5}]"
323,93,47,2024-10-07 11:06:43.358886,"[{'id': 323, 'feedbackId': 323, 'feedbackQuestionId': 47, 'response': 2}]"
324,94,4,2024-10-07 11:06:43.358955,"[{'id': 324, 'feedbackId': 324, 'feedbackQuestionId': 4, 'response': 1}]"
325,94,12,2024-10-07 11:06:43.359008,"[{'id': 325, 'feedbackId': 325, 'feedbackQuestionId': 12, 'response': 5}]"
326,95,7,2024-10-07 11:06:43.359058,"[{'id': 326, 'feedbackId': 326, 'feedbackQuestionId': 7, 'response': 4}]"
327,95,13,2024-10-07 11:06:43.359101,"[{'id': 327, 'feedbackId': 327, 'feedbackQuestionId': 13, 'response': 5}]"
328,96,43,2024-10-07 11:06:43.359165,"[{'id': 328, 'feedbackId': 328, 'feedbackQuestionId': 43, 'response': 4}]"
329,96,16,2024-10-07 11:06:43.359212,"[{'id': 329, 'feedbackId': 329, 'feedbackQuestionId': 16, 'response': 5}]"
330,96,30,2024-10-07 11:06:43.359249,"[{'id': 330, 'feedbackId': 330, 'feedbackQuestionId': 30, 'response': 3}]"
331,96,20,2024-10-07 11:06:43.359289,"[{'id': 331, 'feedbackId': 331, 'feedbackQuestionId': 20, 'response': 1}]"
332,96,14,2024-10-07 11:06:43.359323,"[{'id': 332, 'feedbackId': 332, 'feedbackQuestionId': 14, 'response': 2}]"
333,97,16,2024-10-07 11:06:43.359367,"[{'id': 333, 'feedbackId': 333, 'feedbackQuestionId': 16, 'response': 4}]"
334,97,6,2024-10-07 11:06:43.359410,"[{'id': 334, 'feedbackId': 334, 'feedbackQuestionId': 6, 'response': 1}]"
335,98,43,2024-10-07 11:06:43.359461,"[{'id': 335, 'feedbackId': 335, 'feedbackQuestionId': 43, 'response': 4}]"
336,98,44,2024-10-07 11:06:43.359503,"[{'id': 336, 'feedbackId': 336, 'feedbackQuestionId': 44, 'response': 4}]"
337,98,1,2024-10-07 11:06:43.359549,"[{'id': 337, 'feedbackId': 337, 'feedbackQuestionId': 1, 'response': 2}]"
338,98,13,2024-10-07 11:06:43.359585,"[{'id': 338, 'feedbackId': 338, 'feedbackQuestionId': 13, 'response': 1}]"
339,98,19,2024-10-07 11:06:43.359625,"[{'id': 339, 'feedbackId': 339, 'feedbackQuestionId': 19, 'response': 4}]"
340,99,34,2024-10-07 11:06:43.359697,"[{'id': 340, 'feedbackId': 340, 'feedbackQuestionId': 34, 'response': 5}]"
341,99,47,2024-10-07 11:06:43.359739,"[{'id': 341, 'feedbackId': 341, 'feedbackQuestionId': 47, 'response': 3}]"
342,99,37,2024-10-07 11:06:43.359790,"[{'id': 342, 'feedbackId': 342, 'feedbackQuestionId': 37, 'response': 3}]"
343,99,46,2024-10-07 11:06:43.359845,"[{'id': 343, 'feedbackId': 343, 'feedbackQuestionId': 46, 'response': 4}]"
344,99,50,2024-10-07 11:06:43.359910,"[{'id': 344, 'feedbackId': 344, 'feedbackQuestionId': 50, 'response': 1}]"
345,100,24,2024-10-07 11:06:43.359987,"[{'id': 345, 'feedbackId': 345, 'feedbackQuestionId': 24, 'response': 5}]"
346,100,3,2024-10-07 11:06:43.360051,"[{'id': 346, 'feedbackId': 346, 'feedbackQuestionId': 3, 'response': 3}]"
347,100,28,2024-10-07 11:06:43.360108,"[{'id': 347, 'feedbackId': 347, 'feedbackQuestionId': 28, 'response': 4}]"
348,100,13,2024-10-07 11:06:43.360152,"[{'id': 348, 'feedbackId': 348, 'feedbackQuestionId': 13, 'response': 4}]"
