,title,chapterId,totalMarks,totalQuestion,id_y,employeeId,quizId,score,completedAt
0,Still politics when front deal control.,66,24,10,1,1,102,0,2024-10-07
1,Statement we almost participant.,67,17,8,2,1,103,6,2024-10-07
2,Wonder view including.,204,16,7,3,1,307,15,2024-10-07
3,Discussion majority respond fund sister model player.,205,19,6,4,1,308,21,2024-10-07
4,Generation town design.,205,27,10,5,1,309,77,2024-10-07
5,Power growth opportunity source.,206,8,4,6,1,310,2,2024-10-07
6,Herself year easy force own trial carry.,206,19,7,7,1,311,16,2024-10-07
7,Recognize alone these artist one drive.,23,15,4,8,2,32,4,2024-10-07
8,Parent interview word Congress decide indeed manage year.,23,15,6,9,2,33,2,2024-10-07
9,Return century card important.,25,20,7,10,2,36,28,2024-10-07
10,However prepare answer article large.,72,26,10,11,2,111,33,2024-10-07
11,Tonight prevent certain thus candidate husband recognize.,72,19,7,12,2,112,41,2024-10-07
12,Seem talk choose election move.,65,29,8,17,3,100,12,2024-10-07
13,Ahead suffer so lawyer.,65,23,8,18,3,101,45,2024-10-07
14,Statement we almost participant.,67,17,8,19,3,103,15,2024-10-07
15,Local back a huge.,174,28,10,22,3,265,30,2024-10-07
16,Mean but certainly team decide run I speech.,174,29,9,23,3,266,26,2024-10-07
17,True space degree smile.,175,13,4,24,3,267,0,2024-10-07
18,Thus together themselves interesting.,178,18,7,25,3,272,11,2024-10-07
19,Yourself far property family let simple how base.,196,29,8,13,3,296,23,2024-10-07
20,Paper someone might own peace seem yourself control.,196,19,7,14,3,297,13,2024-10-07
21,Officer safe opportunity success truth behind establish.,198,18,5,15,3,299,81,2024-10-07
22,Space method civil.,198,27,10,16,3,300,4,2024-10-07
23,Leave decision rich sing road agree statement.,233,19,5,20,3,348,42,2024-10-07
24,Total free value front success friend.,235,18,5,21,3,351,15,2024-10-07
25,Enter old reach general final mention month.,7,9,4,26,4,10,18,2024-10-07
26,Term long discuss side not subject.,7,26,7,27,4,11,4,2024-10-07
27,Guess evidence concern computer one then future true.,8,31,9,28,4,12,54,2024-10-07
28,Little sure already simply fly.,9,18,7,29,4,13,14,2024-10-07
29,Reason hit design however.,98,15,7,42,4,147,26,2024-10-07
30,However raise find actually view truth ok teach.,101,26,10,30,4,151,12,2024-10-07
31,Scene nation plant natural beyond table.,103,17,4,31,4,154,39,2024-10-07
32,Race alone second other design southern agent person.,103,18,6,32,4,155,12,2024-10-07
33,Day everyone beyond father.,106,27,9,33,4,158,1,2024-10-07
34,Article college perform out season into level.,121,14,4,34,4,183,66,2024-10-07
35,What ground I consider foot series style.,121,24,8,35,4,184,51,2024-10-07
36,Tv develop would success so away quickly feeling.,122,29,8,36,4,185,40,2024-10-07
37,For vote information.,122,19,6,37,4,186,62,2024-10-07
38,Throw term she management half represent arrive.,123,20,8,38,4,187,43,2024-10-07
39,More improve fly though design tree.,123,27,8,39,4,188,6,2024-10-07
40,Rather notice here American positive environmental.,124,27,9,40,4,189,26,2024-10-07
41,Create organization choose without prepare.,124,27,9,41,4,190,24,2024-10-07
42,Assume significant leg let easy.,162,24,10,43,4,247,58,2024-10-07
43,However prepare answer article large.,72,26,10,56,5,111,45,2024-10-07
44,Tonight prevent certain thus candidate husband recognize.,72,19,7,57,5,112,4,2024-10-07
45,Remember student rate option.,73,13,4,58,5,113,31,2024-10-07
46,Respond important service some short safe discuss.,73,18,7,59,5,114,41,2024-10-07
47,West something personal.,74,19,7,60,5,115,26,2024-10-07
48,Picture itself like fact safe rise.,74,18,6,61,5,116,41,2024-10-07
49,Network exactly quickly force way step win chair.,86,31,10,44,5,131,12,2024-10-07
50,Risk month real site.,86,28,9,45,5,132,26,2024-10-07
51,Girl fact bar as Republican which kitchen return.,87,14,4,46,5,133,5,2024-10-07
52,Style get night blood with site current event.,87,24,7,47,5,134,0,2024-10-07
53,Majority foot cost change six want season.,88,17,5,48,5,135,4,2024-10-07
54,Produce law live almost account decide shoulder.,155,16,6,49,5,236,21,2024-10-07
55,Peace close during fight gas check.,156,24,9,50,5,237,2,2024-10-07
56,Team she cultural others education.,156,11,5,51,5,238,15,2024-10-07
57,Reason Republican nice.,158,33,10,52,5,240,48,2024-10-07
58,Chance single station commercial them.,158,20,6,53,5,241,2,2024-10-07
59,Hear focus attention see find Mrs kitchen father.,159,19,9,54,5,242,3,2024-10-07
60,Here your husband various thousand.,159,28,9,55,5,243,41,2024-10-07
61,World off debate official leave.,33,12,5,62,6,48,40,2024-10-07
62,Read lawyer region play.,33,18,6,63,6,49,19,2024-10-07
63,Side rather executive process bank official.,34,18,6,64,6,50,8,2024-10-07
64,Gas brother usually cell beyond second.,34,27,8,65,6,51,1,2024-10-07
65,Candidate why possible nor black.,60,10,5,66,6,90,38,2024-10-07
66,Agree matter detail go deep system.,60,16,4,67,6,91,17,2024-10-07
67,Environmental floor let develop bed pull officer team.,61,34,10,68,6,92,34,2024-10-07
68,See without member song.,61,19,9,69,6,93,14,2024-10-07
69,Billion conference agreement newspaper sort card education.,62,13,4,70,6,94,17,2024-10-07
70,Teacher region be.,62,19,9,71,6,95,3,2024-10-07
71,Risk tax happen pay face budget other.,108,16,6,82,7,161,3,2024-10-07
72,Shoulder knowledge sort next them personal blood.,108,16,4,83,7,162,12,2024-10-07
73,Red person professional inside about factor money.,110,21,8,84,7,165,18,2024-10-07
74,Find visit data everything some voice.,110,21,6,85,7,166,9,2024-10-07
75,College three which painting general here federal.,160,9,4,72,7,244,6,2024-10-07
76,Final spring brother money.,161,28,10,73,7,245,29,2024-10-07
77,Two by evening wind here.,161,29,8,74,7,246,44,2024-10-07
78,Assume significant leg let easy.,162,24,10,75,7,247,20,2024-10-07
79,None position put clear.,163,27,9,76,7,248,68,2024-10-07
80,Nor as want heart ready.,163,16,5,77,7,249,84,2024-10-07
81,Along new training market might hospital.,164,28,10,78,7,250,64,2024-10-07
82,Full writer inside music.,164,13,5,79,7,251,55,2024-10-07
83,In walk perhaps instead strategy administration director.,212,32,9,80,7,320,22,2024-10-07
84,Call share box throw.,215,30,10,81,7,324,41,2024-10-07
85,Draw bring each card head choice.,39,14,4,86,8,58,56,2024-10-07
86,Window reality compare most entire subject.,39,19,6,87,8,59,14,2024-10-07
87,Draw seem trade green PM spend capital amount.,42,16,6,88,8,64,45,2024-10-07
88,Wide citizen truth quickly American full television.,42,22,10,89,8,65,12,2024-10-07
89,Case garden kid war.,43,16,5,90,8,66,0,2024-10-07
90,About ability recently home hand.,43,25,7,91,8,67,50,2024-10-07
91,Tv develop would success so away quickly feeling.,122,29,8,99,8,185,35,2024-10-07
92,For vote information.,122,19,6,100,8,186,3,2024-10-07
93,Throw term she management half represent arrive.,123,20,8,101,8,187,30,2024-10-07
94,More improve fly though design tree.,123,27,8,102,8,188,6,2024-10-07
95,Produce law live almost account decide shoulder.,155,16,6,92,8,236,14,2024-10-07
96,Society vote trade me east get really.,157,19,5,93,8,239,14,2024-10-07
97,Reason Republican nice.,158,33,10,94,8,240,7,2024-10-07
98,Chance single station commercial them.,158,20,6,95,8,241,11,2024-10-07
99,Hear focus attention see find Mrs kitchen father.,159,19,9,96,8,242,8,2024-10-07
100,Here your husband various thousand.,159,28,9,97,8,243,28,2024-10-07
101,State team research management hundred behind money.,185,29,9,98,8,283,9,2024-10-07
102,Decision trial thus everyone strategy hope.,152,25,10,105,9,231,27,2024-10-07
103,Wish management take popular behavior region around.,152,22,9,106,9,232,23,2024-10-07
104,Media provide image Mr particularly.,154,21,7,107,9,234,9,2024-10-07
105,Beat professional modern civil catch size.,154,19,6,108,9,235,13,2024-10-07
106,In walk perhaps instead strategy administration director.,212,32,9,103,9,320,10,2024-10-07
107,Him store own including cause product.,213,32,10,104,9,321,47,2024-10-07
108,Television indicate agreement it yes country seek market.,27,14,4,113,10,38,33,2024-10-07
109,Notice book carry office lay.,27,14,5,114,10,39,14,2024-10-07
110,Simply letter offer else lot gas free.,30,18,6,115,10,44,45,2024-10-07
111,Best lot by family peace price attorney.,35,21,6,116,10,52,39,2024-10-07
112,Evening develop remain head response.,226,19,5,109,10,338,20,2024-10-07
113,Case husband part wind old cup.,226,27,10,110,10,339,19,2024-10-07
114,Religious month per wrong buy.,229,33,8,111,10,342,13,2024-10-07
115,Street use could race form.,229,34,9,112,10,343,1,2024-10-07
116,Time minute find benefit sea.,243,24,9,117,10,362,7,2024-10-07
117,Simple during together argue something.,243,14,5,118,10,363,31,2024-10-07
118,Worker start way front miss American not task.,245,12,4,119,10,366,1,2024-10-07
119,The amount benefit for modern.,245,23,8,120,10,367,14,2024-10-07
120,Beautiful fall ask defense west.,40,8,4,128,11,60,8,2024-10-07
121,Direction energy cut.,40,21,7,129,11,61,11,2024-10-07
122,Case garden kid war.,43,16,5,130,11,66,3,2024-10-07
123,About ability recently home hand.,43,25,7,131,11,67,16,2024-10-07
124,Develop piece gas new pretty door low behind.,44,23,7,132,11,68,90,2024-10-07
125,Pretty summer none rock scientist only.,44,11,6,133,11,69,14,2024-10-07
126,Officer marriage never.,51,31,8,124,11,80,12,2024-10-07
127,Building worry key develop police.,53,13,5,125,11,82,32,2024-10-07
128,Live particular happen must yard.,54,21,6,126,11,83,0,2024-10-07
129,While house degree evening show analysis trip.,55,15,6,127,11,84,26,2024-10-07
130,Test produce win whatever whether bit.,85,25,10,121,11,130,29,2024-10-07
131,Girl fact bar as Republican which kitchen return.,87,14,4,122,11,133,21,2024-10-07
132,Style get night blood with site current event.,87,24,7,123,11,134,9,2024-10-07
133,Trade public society somebody.,131,15,5,134,12,201,48,2024-10-07
134,Doctor Mrs who sing worry.,132,11,5,135,12,202,0,2024-10-07
135,Response many sometimes red.,133,20,6,136,12,203,30,2024-10-07
136,Scientist pretty know.,133,31,10,137,12,204,14,2024-10-07
137,Professor crime now economic culture son.,227,16,5,138,12,340,11,2024-10-07
138,Record fire close agree.,230,21,8,139,12,344,20,2024-10-07
139,Officer marriage never.,51,31,8,143,13,80,10,2024-10-07
140,Always board glass trip stock those.,52,10,4,144,13,81,1,2024-10-07
141,While house degree evening show analysis trip.,55,15,6,145,13,84,25,2024-10-07
142,True space degree smile.,175,13,4,141,13,267,2,2024-10-07
143,Thus together themselves interesting.,178,18,7,142,13,272,0,2024-10-07
144,Pay prove civil or.,216,32,10,146,13,325,71,2024-10-07
145,Several policy specific around source break full hospital.,217,10,4,147,13,326,28,2024-10-07
146,Serve lead usually general citizen truth choose.,223,18,5,148,13,334,85,2024-10-07
147,South blue now type change door.,240,20,6,140,13,358,18,2024-10-07
148,Little man special hit analysis big their toward.,2,22,8,163,14,3,60,2024-10-07
149,Trouble news program after great.,2,30,8,164,14,4,10,2024-10-07
150,Light decision dream his.,3,16,6,165,14,5,47,2024-10-07
151,Most throw keep tax great reach how.,6,12,5,166,14,9,18,2024-10-07
152,Wish method form country piece option.,45,18,7,155,14,70,19,2024-10-07
153,Education would behavior school.,45,21,8,156,14,71,18,2024-10-07
154,Cause through much bag bad past.,47,12,4,157,14,73,7,2024-10-07
155,Red ground whom dog news year buy.,47,7,4,158,14,74,18,2024-10-07
156,Those sit born only.,48,19,7,159,14,75,47,2024-10-07
157,Gun soldier company nothing must.,48,21,7,160,14,76,3,2024-10-07
158,Same next boy song.,50,30,9,161,14,78,60,2024-10-07
159,Machine business community over may.,50,9,4,162,14,79,24,2024-10-07
160,Painting say ground case establish heart middle both.,125,21,6,149,14,191,33,2024-10-07
161,Team such available decision.,125,10,4,150,14,192,3,2024-10-07
162,Great personal step above bed indeed picture.,126,26,10,151,14,193,5,2024-10-07
163,Spend federal try bit Mrs nature.,126,31,10,152,14,194,3,2024-10-07
164,Bring week blue.,128,30,9,153,14,197,16,2024-10-07
165,Great former investment rule plant.,128,31,9,154,14,198,14,2024-10-07
166,Song nation likely prevent call place ever.,46,38,10,169,15,72,22,2024-10-07
167,Cause through much bag bad past.,47,12,4,170,15,73,39,2024-10-07
168,Red ground whom dog news year buy.,47,7,4,171,15,74,25,2024-10-07
169,Those sit born only.,48,19,7,172,15,75,46,2024-10-07
170,Gun soldier company nothing must.,48,21,7,173,15,76,33,2024-10-07
171,Same next boy song.,50,30,9,174,15,78,36,2024-10-07
172,Machine business community over may.,50,9,4,175,15,79,1,2024-10-07
173,Candidate why possible nor black.,60,10,5,179,15,90,44,2024-10-07
174,Agree matter detail go deep system.,60,16,4,180,15,91,52,2024-10-07
175,Environmental floor let develop bed pull officer team.,61,34,10,181,15,92,7,2024-10-07
176,See without member song.,61,19,9,182,15,93,14,2024-10-07
177,However prepare answer article large.,72,26,10,167,15,111,57,2024-10-07
178,Tonight prevent certain thus candidate husband recognize.,72,19,7,168,15,112,79,2024-10-07
179,Throw across imagine open population financial.,179,19,6,176,15,273,13,2024-10-07
180,Part crime information image cut.,179,13,4,177,15,274,12,2024-10-07
181,Course person age run specific.,182,23,8,178,15,279,0,2024-10-07
182,Become avoid identify may.,64,21,9,184,16,98,12,2024-10-07
183,Federal herself form use measure society.,64,11,4,185,16,99,17,2024-10-07
184,Statement we almost participant.,67,17,8,186,16,103,23,2024-10-07
185,Early attack information girl house upon rich.,170,12,4,187,16,259,70,2024-10-07
186,Camera follow agree in.,201,19,5,183,16,303,16,2024-10-07
187,Television indicate agreement it yes country seek market.,27,14,4,192,17,38,7,2024-10-07
188,Notice book carry office lay.,27,14,5,193,17,39,10,2024-10-07
189,Simply letter offer else lot gas free.,30,18,6,194,17,44,28,2024-10-07
190,Treatment place rate police every accept.,32,23,10,195,17,47,53,2024-10-07
191,Beat law water edge operation for student.,70,20,8,196,17,107,69,2024-10-07
192,Sister commercial old child bag.,70,30,9,197,17,108,29,2024-10-07
193,However prepare answer article large.,72,26,10,198,17,111,15,2024-10-07
194,Tonight prevent certain thus candidate husband recognize.,72,19,7,199,17,112,14,2024-10-07
195,Media provide image Mr particularly.,154,21,7,200,17,234,15,2024-10-07
196,Beat professional modern civil catch size.,154,19,6,201,17,235,1,2024-10-07
197,And anyone tax audience quite I type talk.,167,12,4,188,17,255,12,2024-10-07
198,Look wonder popular drop sign real.,168,12,5,189,17,256,41,2024-10-07
199,Just early agree management blue state four.,169,19,7,190,17,257,4,2024-10-07
200,Both attention fear traditional not reflect.,169,25,10,191,17,258,51,2024-10-07
201,Enter old reach general final mention month.,7,9,4,202,18,10,72,2024-10-07
202,Term long discuss side not subject.,7,26,7,203,18,11,13,2024-10-07
203,Guess evidence concern computer one then future true.,8,31,9,204,18,12,31,2024-10-07
204,Little sure already simply fly.,9,18,7,205,18,13,11,2024-10-07
205,Seem talk choose election move.,65,29,8,210,18,100,2,2024-10-07
206,Ahead suffer so lawyer.,65,23,8,211,18,101,11,2024-10-07
207,Still politics when front deal control.,66,24,10,212,18,102,0,2024-10-07
208,Statement we almost participant.,67,17,8,213,18,103,23,2024-10-07
209,Song huge against.,68,12,4,214,18,104,22,2024-10-07
210,View value president figure eye old.,94,25,7,206,18,141,56,2024-10-07
211,Majority series page play may should produce.,95,24,8,207,18,142,7,2024-10-07
212,What interesting range opportunity also.,95,17,7,208,18,143,8,2024-10-07
213,Man play American spring finally skill.,96,16,7,209,18,144,0,2024-10-07
214,Than free five support.,75,21,7,215,19,117,57,2024-10-07
215,Well discover outside today executive deal home when.,75,28,9,216,19,118,1,2024-10-07
216,Campaign theory number practice under order travel.,78,7,4,217,19,122,70,2024-10-07
217,Region to near assume notice.,80,18,6,218,19,124,7,2024-10-07
218,Same south adult prepare.,81,21,8,219,19,125,8,2024-10-07
219,Of executive suggest perhaps figure.,82,26,8,220,19,126,17,2024-10-07
220,Stage reach where generation.,83,23,8,221,19,127,4,2024-10-07
221,According fund understand.,84,20,7,222,19,128,98,2024-10-07
222,Writer environmental drug.,84,27,9,223,19,129,10,2024-10-07
223,State team research management hundred behind money.,185,29,9,224,19,283,19,2024-10-07
224,Seat activity this.,188,17,4,225,19,286,7,2024-10-07
225,Hundred true report change.,188,14,7,226,19,287,53,2024-10-07
226,Operation see determine remain near.,1,17,6,227,20,1,54,2024-10-07
227,Live wide no anything their truth end.,1,11,5,228,20,2,35,2024-10-07
228,Little man special hit analysis big their toward.,2,22,8,229,20,3,18,2024-10-07
229,Trouble news program after great.,2,30,8,230,20,4,2,2024-10-07
230,Light decision dream his.,3,16,6,231,20,5,16,2024-10-07
231,Owner turn she.,4,23,8,232,20,6,61,2024-10-07
232,Fact example team.,4,14,4,233,20,7,2,2024-10-07
233,Our left born example save especially rather.,5,16,5,234,20,8,33,2024-10-07
234,Wish method form country piece option.,45,18,7,248,21,70,12,2024-10-07
235,Education would behavior school.,45,21,8,249,21,71,16,2024-10-07
236,Those sit born only.,48,19,7,250,21,75,8,2024-10-07
237,Gun soldier company nothing must.,48,21,7,251,21,76,41,2024-10-07
238,Administration well training none option visit.,49,24,8,252,21,77,53,2024-10-07
239,Young ask care draw blood else.,111,29,9,241,21,167,9,2024-10-07
240,Above music state sell.,111,18,5,242,21,168,84,2024-10-07
241,Find financial fast training research their follow site.,112,24,8,243,21,169,48,2024-10-07
242,Little take anyone hand already focus anyone these.,113,16,6,244,21,170,4,2024-10-07
243,Guess least scientist break degree of author.,113,19,7,245,21,171,62,2024-10-07
244,Sea we finish evidence.,114,18,8,246,21,172,49,2024-10-07
245,Per want after toward arrive instead.,115,23,5,247,21,173,13,2024-10-07
246,Article college perform out season into level.,121,14,4,235,21,183,61,2024-10-07
247,What ground I consider foot series style.,121,24,8,236,21,184,46,2024-10-07
248,Tv develop would success so away quickly feeling.,122,29,8,237,21,185,22,2024-10-07
249,For vote information.,122,19,6,238,21,186,22,2024-10-07
250,Throw term she management half represent arrive.,123,20,8,239,21,187,20,2024-10-07
251,More improve fly though design tree.,123,27,8,240,21,188,3,2024-10-07
252,Television indicate agreement it yes country seek market.,27,14,4,257,22,38,38,2024-10-07
253,Notice book carry office lay.,27,14,5,258,22,39,8,2024-10-07
254,Choice everybody land common morning spend begin.,28,22,6,259,22,40,18,2024-10-07
255,My similar business buy generation whatever.,28,19,7,260,22,41,56,2024-10-07
256,Research standard charge read.,29,17,5,261,22,42,9,2024-10-07
257,Not training manage inside he big manage.,29,15,4,262,22,43,2,2024-10-07
258,Simply letter offer else lot gas free.,30,18,6,263,22,44,36,2024-10-07
259,Explain appear human Mr center often.,31,23,6,264,22,45,62,2024-10-07
260,Area parent spring.,31,17,6,265,22,46,44,2024-10-07
261,Peace close during fight gas check.,156,24,9,253,22,237,5,2024-10-07
262,Team she cultural others education.,156,11,5,254,22,238,13,2024-10-07
263,Hear focus attention see find Mrs kitchen father.,159,19,9,255,22,242,63,2024-10-07
264,Here your husband various thousand.,159,28,9,256,22,243,17,2024-10-07
265,Practice drop difficult everybody.,12,20,5,272,23,17,19,2024-10-07
266,Light suffer generation cover specific mean.,12,29,7,273,23,18,15,2024-10-07
267,Edge meet see society.,13,12,5,274,23,19,31,2024-10-07
268,Town pressure business nor easy probably year.,14,34,9,275,23,20,17,2024-10-07
269,Light not let cut member large friend.,14,27,9,276,23,21,3,2024-10-07
270,Consumer message from serve.,15,28,10,277,23,22,4,2024-10-07
271,Everything style amount significant interesting film.,195,24,9,278,23,294,11,2024-10-07
272,Difference draw suggest space culture ever season total.,195,24,5,279,23,295,35,2024-10-07
273,During model probably unit example continue.,197,17,5,280,23,298,17,2024-10-07
274,Officer safe opportunity success truth behind establish.,198,18,5,281,23,299,6,2024-10-07
275,Space method civil.,198,27,10,282,23,300,29,2024-10-07
276,Learn me face fill to.,219,9,4,266,23,328,76,2024-10-07
277,Should along party food.,219,32,10,267,23,329,8,2024-10-07
278,Newspaper next receive every member raise image.,237,24,9,268,23,354,18,2024-10-07
279,Point protect act.,238,33,10,269,23,355,23,2024-10-07
280,Also join firm difficult or future.,238,34,10,270,23,356,7,2024-10-07
281,Against plant hour grow half line director.,239,24,10,271,23,357,12,2024-10-07
282,Tax approach in trouble unit.,18,26,6,292,24,26,1,2024-10-07
283,Able majority investment season nothing sit none.,104,18,6,293,24,156,12,2024-10-07
284,Day everyone beyond father.,106,27,9,294,24,158,5,2024-10-07
285,Film nearly heavy cut security increase.,135,15,7,285,24,206,57,2024-10-07
286,Institution security detail action feel without voice.,135,31,9,286,24,207,37,2024-10-07
287,Fly according begin agreement contain do.,136,18,6,287,24,208,13,2024-10-07
288,Any upon car.,137,14,5,288,24,209,2,2024-10-07
289,Real line rest beat next conference small.,138,13,6,289,24,210,15,2024-10-07
290,Protect piece start even here college fear.,140,27,9,290,24,212,5,2024-10-07
291,Yard someone some bit data.,140,12,4,291,24,213,13,2024-10-07
292,Time minute find benefit sea.,243,24,9,283,24,362,46,2024-10-07
293,Simple during together argue something.,243,14,5,284,24,363,1,2024-10-07
294,From until front actually.,107,17,6,297,25,159,63,2024-10-07
295,Just know realize deal senior already.,107,24,8,298,25,160,14,2024-10-07
296,Risk tax happen pay face budget other.,108,16,6,299,25,161,36,2024-10-07
297,Shoulder knowledge sort next them personal blood.,108,16,4,300,25,162,13,2024-10-07
298,Red person professional inside about factor money.,110,21,8,301,25,165,42,2024-10-07
299,Find visit data everything some voice.,110,21,6,302,25,166,9,2024-10-07
300,Peace close during fight gas check.,156,24,9,295,25,237,5,2024-10-07
301,Team she cultural others education.,156,11,5,296,25,238,11,2024-10-07
302,Economic phone history chance.,151,28,8,312,26,230,65,2024-10-07
303,Onto front budget buy into lay.,153,13,4,313,26,233,44,2024-10-07
304,Early attack information girl house upon rich.,170,12,4,307,26,259,62,2024-10-07
305,Meet sing find for red.,171,13,4,308,26,260,34,2024-10-07
306,Family light whatever watch out.,171,22,7,309,26,261,25,2024-10-07
307,Role room environment modern service less.,172,13,5,310,26,262,41,2024-10-07
308,Design local senior court.,172,14,4,311,26,263,1,2024-10-07
309,Newspaper next receive every member raise image.,237,24,9,303,26,354,10,2024-10-07
310,South blue now type change door.,240,20,6,304,26,358,10,2024-10-07
311,Perform message class executive catch throw.,241,24,7,305,26,359,3,2024-10-07
312,Down recently herself foot none prove huge.,241,12,4,306,26,360,57,2024-10-07
313,World off debate official leave.,33,12,5,314,27,48,41,2024-10-07
314,Read lawyer region play.,33,18,6,315,27,49,9,2024-10-07
315,Side rather executive process bank official.,34,18,6,316,27,50,5,2024-10-07
316,Gas brother usually cell beyond second.,34,27,8,317,27,51,2,2024-10-07
317,Need step picture draw thus.,37,21,6,318,27,55,26,2024-10-07
318,Listen country rather soon few.,38,19,6,319,27,56,0,2024-10-07
319,Attention cost later throw of.,38,11,5,320,27,57,44,2024-10-07
320,Find financial fast training research their follow site.,112,24,8,321,27,169,45,2024-10-07
321,Little take anyone hand already focus anyone these.,113,16,6,322,27,170,19,2024-10-07
322,Guess least scientist break degree of author.,113,19,7,323,27,171,48,2024-10-07
323,Sea we finish evidence.,114,18,8,324,27,172,30,2024-10-07
324,Per want after toward arrive instead.,115,23,5,325,27,173,66,2024-10-07
325,Enter old reach general final mention month.,7,9,4,326,28,10,75,2024-10-07
326,Term long discuss side not subject.,7,26,7,327,28,11,15,2024-10-07
327,Opportunity ago enough land.,10,30,10,328,28,14,9,2024-10-07
328,Stock American sing entire.,10,8,4,329,28,15,3,2024-10-07
329,Medical mention by forward sell and start.,91,24,9,330,28,138,2,2024-10-07
330,However raise find actually view truth ok teach.,101,26,10,340,29,151,31,2024-10-07
331,Shake drop still look bar commercial.,200,11,4,338,29,302,6,2024-10-07
332,Camera follow agree in.,201,19,5,339,29,303,12,2024-10-07
333,Evening develop remain head response.,226,19,5,331,29,338,45,2024-10-07
334,Case husband part wind old cup.,226,27,10,332,29,339,33,2024-10-07
335,Animal so particular nation forward lawyer thing.,228,9,5,333,29,341,19,2024-10-07
336,Record fire close agree.,230,21,8,334,29,344,19,2024-10-07
337,Mind smile eye save admit design.,232,28,9,335,29,346,64,2024-10-07
338,However money never describe.,232,33,10,336,29,347,12,2024-10-07
339,Total free value front success friend.,235,18,5,337,29,351,67,2024-10-07
340,Enter old reach general final mention month.,7,9,4,344,30,10,61,2024-10-07
341,Term long discuss side not subject.,7,26,7,345,30,11,12,2024-10-07
342,Guess evidence concern computer one then future true.,8,31,9,346,30,12,2,2024-10-07
343,Region to near assume notice.,80,18,6,341,30,124,25,2024-10-07
344,Of executive suggest perhaps figure.,82,26,8,342,30,126,22,2024-10-07
345,Stage reach where generation.,83,23,8,343,30,127,9,2024-10-07
346,Reason hit design however.,98,15,7,347,30,147,32,2024-10-07
347,In walk perhaps instead strategy administration director.,212,32,9,348,30,320,4,2024-10-07
348,Him store own including cause product.,213,32,10,349,30,321,14,2024-10-07
349,Practice drop difficult everybody.,12,20,5,358,31,17,12,2024-10-07
350,Light suffer generation cover specific mean.,12,29,7,359,31,18,15,2024-10-07
351,Edge meet see society.,13,12,5,360,31,19,24,2024-10-07
352,Town pressure business nor easy probably year.,14,34,9,361,31,20,8,2024-10-07
353,Light not let cut member large friend.,14,27,9,362,31,21,8,2024-10-07
354,Modern yes them tax news magazine.,97,20,7,350,31,145,14,2024-10-07
355,Arrive level add piece spend.,97,25,8,351,31,146,17,2024-10-07
356,Determine often box sister.,99,29,9,352,31,148,36,2024-10-07
357,Budget drug here away decide wide analysis.,99,27,10,353,31,149,65,2024-10-07
358,Article college perform out season into level.,121,14,4,354,31,183,69,2024-10-07
359,What ground I consider foot series style.,121,24,8,355,31,184,38,2024-10-07
360,Tv develop would success so away quickly feeling.,122,29,8,356,31,185,3,2024-10-07
361,For vote information.,122,19,6,357,31,186,13,2024-10-07
362,Little man special hit analysis big their toward.,2,22,8,368,32,3,50,2024-10-07
363,Trouble news program after great.,2,30,8,369,32,4,2,2024-10-07
364,Most throw keep tax great reach how.,6,12,5,370,32,9,22,2024-10-07
365,Song nation likely prevent call place ever.,46,38,10,371,32,72,33,2024-10-07
366,Cause through much bag bad past.,47,12,4,372,32,73,34,2024-10-07
367,Red ground whom dog news year buy.,47,7,4,373,32,74,2,2024-10-07
368,Administration well training none option visit.,49,24,8,374,32,77,33,2024-10-07
369,Wonder view including.,204,16,7,367,32,307,24,2024-10-07
370,Newspaper next receive every member raise image.,237,24,9,363,32,354,18,2024-10-07
371,Point protect act.,238,33,10,364,32,355,55,2024-10-07
372,Also join firm difficult or future.,238,34,10,365,32,356,5,2024-10-07
373,South blue now type change door.,240,20,6,366,32,358,30,2024-10-07
374,Sign option result alone.,118,9,5,375,33,178,2,2024-10-07
375,Choose increase window develop may usually different.,118,6,4,376,33,179,40,2024-10-07
376,Seven meet cup record sport parent investment always.,119,18,7,377,33,180,6,2024-10-07
377,Yard culture north together pattern.,119,23,6,378,33,181,21,2024-10-07
378,Dark some we also fill.,120,33,9,379,33,182,20,2024-10-07
379,Word over young your lot number sit television.,166,15,5,382,33,254,87,2024-10-07
380,Look wonder popular drop sign real.,168,12,5,383,33,256,31,2024-10-07
381,Just early agree management blue state four.,169,19,7,384,33,257,3,2024-10-07
382,Both attention fear traditional not reflect.,169,25,10,385,33,258,8,2024-10-07
383,In walk perhaps instead strategy administration director.,212,32,9,380,33,320,19,2024-10-07
384,Him store own including cause product.,213,32,10,381,33,321,49,2024-10-07
385,Painting say ground case establish heart middle both.,125,21,6,389,34,191,14,2024-10-07
386,Team such available decision.,125,10,4,390,34,192,11,2024-10-07
387,Need our every.,127,24,7,391,34,195,22,2024-10-07
388,Nice Democrat throughout.,127,22,7,392,34,196,30,2024-10-07
389,Bring week blue.,128,30,9,393,34,197,46,2024-10-07
390,Great former investment rule plant.,128,31,9,394,34,198,18,2024-10-07
391,Role room environment modern service less.,172,13,5,386,34,262,13,2024-10-07
392,Design local senior court.,172,14,4,387,34,263,37,2024-10-07
393,Individual life coach spend side central.,173,29,8,388,34,264,44,2024-10-07
394,Yourself far property family let simple how base.,196,29,8,395,34,296,23,2024-10-07
395,Paper someone might own peace seem yourself control.,196,19,7,396,34,297,4,2024-10-07
396,During model probably unit example continue.,197,17,5,397,34,298,21,2024-10-07
397,Officer safe opportunity success truth behind establish.,198,18,5,398,34,299,46,2024-10-07
398,Space method civil.,198,27,10,399,34,300,51,2024-10-07
399,Beautiful whether land kitchen main nearly stock.,116,32,10,412,35,174,2,2024-10-07
400,Hospital nearly sense.,116,20,5,413,35,175,4,2024-10-07
401,Seven meet cup record sport parent investment always.,119,18,7,414,35,180,3,2024-10-07
402,Yard culture north together pattern.,119,23,6,415,35,181,15,2024-10-07
403,Need our every.,127,24,7,409,35,195,43,2024-10-07
404,Nice Democrat throughout.,127,22,7,410,35,196,26,2024-10-07
405,Little government easy federal democratic admit past may.,130,9,4,411,35,200,5,2024-10-07
406,Fly according begin agreement contain do.,136,18,6,402,35,208,16,2024-10-07
407,Any upon car.,137,14,5,403,35,209,1,2024-10-07
408,Real line rest beat next conference small.,138,13,6,404,35,210,6,2024-10-07
409,Citizen appear stock employee that discuss accept.,180,23,8,405,35,275,71,2024-10-07
410,Accept west mother issue.,180,28,10,406,35,276,1,2024-10-07
411,Say guess create authority agree usually.,183,24,7,407,35,280,78,2024-10-07
412,Image pass sure though.,183,13,6,408,35,281,43,2024-10-07
413,State team research management hundred behind money.,185,29,9,400,35,283,19,2024-10-07
414,Son far relationship available Democrat successful leg military.,189,21,6,401,35,288,25,2024-10-07
415,Film nearly heavy cut security increase.,135,15,7,416,36,206,65,2024-10-07
416,Institution security detail action feel without voice.,135,31,9,417,36,207,71,2024-10-07
417,Officer just grow most.,139,27,9,418,36,211,67,2024-10-07
418,Protect piece start even here college fear.,140,27,9,419,36,212,39,2024-10-07
419,Yard someone some bit data.,140,12,4,420,36,213,14,2024-10-07
420,True space degree smile.,175,13,4,421,36,267,0,2024-10-07
421,Provide whose away within.,176,29,10,422,36,268,60,2024-10-07
422,Fish manage series center during.,176,13,4,423,36,269,4,2024-10-07
423,Power growth opportunity source.,206,8,4,424,36,310,2,2024-10-07
424,Herself year easy force own trial carry.,206,19,7,425,36,311,22,2024-10-07
425,Game range partner specific baby life.,207,20,6,426,36,312,24,2024-10-07
426,Type certainly war south despite positive own.,117,19,9,433,37,176,0,2024-10-07
427,Teach themselves way late stay peace.,117,17,8,434,37,177,31,2024-10-07
428,Seven meet cup record sport parent investment always.,119,18,7,435,37,180,9,2024-10-07
429,Yard culture north together pattern.,119,23,6,436,37,181,13,2024-10-07
430,Economic phone history chance.,151,28,8,427,37,230,42,2024-10-07
431,Onto front budget buy into lay.,153,13,4,428,37,233,27,2024-10-07
432,Pay prove civil or.,216,32,10,429,37,325,62,2024-10-07
433,It challenge eye information line cost worry.,218,27,10,430,37,327,14,2024-10-07
434,Attack tree away center eight.,221,15,6,431,37,331,40,2024-10-07
435,Place several different second relate.,221,33,10,432,37,332,2,2024-10-07
436,Officer marriage never.,51,31,8,437,38,80,8,2024-10-07
437,Always board glass trip stock those.,52,10,4,438,38,81,2,2024-10-07
438,While house degree evening show analysis trip.,55,15,6,439,38,84,19,2024-10-07
439,Than free five support.,75,21,7,440,38,117,77,2024-10-07
440,Well discover outside today executive deal home when.,75,28,9,441,38,118,0,2024-10-07
441,Model low once of.,76,21,8,442,38,119,30,2024-10-07
442,Market north senior time last.,76,21,6,443,38,120,6,2024-10-07
443,Campaign theory number practice under order travel.,78,7,4,444,38,122,2,2024-10-07
444,Develop find up.,79,21,8,445,38,123,26,2024-10-07
445,Garden until certainly recent share money everyone feel.,142,28,9,448,39,216,5,2024-10-07
446,Audience finally check front.,142,15,4,449,39,217,11,2024-10-07
447,Computer civil notice management either coach recognize future.,143,31,10,450,39,218,55,2024-10-07
448,Social choice indicate ahead.,143,15,5,451,39,219,47,2024-10-07
449,Shake court something since hospital very back.,144,31,10,452,39,220,18,2024-10-07
450,Recent always let.,144,19,5,453,39,221,10,2024-10-07
451,Throw across imagine open population financial.,179,19,6,446,39,273,11,2024-10-07
452,Part crime information image cut.,179,13,4,447,39,274,42,2024-10-07
453,Television indicate agreement it yes country seek market.,27,14,4,470,40,38,20,2024-10-07
454,Notice book carry office lay.,27,14,5,471,40,39,10,2024-10-07
455,Choice everybody land common morning spend begin.,28,22,6,472,40,40,6,2024-10-07
456,My similar business buy generation whatever.,28,19,7,473,40,41,50,2024-10-07
457,Treatment place rate police every accept.,32,23,10,474,40,47,47,2024-10-07
458,Beautiful fall ask defense west.,40,8,4,457,40,60,26,2024-10-07
459,Direction energy cut.,40,21,7,458,40,61,13,2024-10-07
460,Employee approach draw four early mind.,41,28,9,459,40,62,15,2024-10-07
461,Watch teacher chair and push run worry.,41,35,8,460,40,63,16,2024-10-07
462,Draw seem trade green PM spend capital amount.,42,16,6,461,40,64,16,2024-10-07
463,Wide citizen truth quickly American full television.,42,22,10,462,40,65,3,2024-10-07
464,Develop piece gas new pretty door low behind.,44,23,7,463,40,68,93,2024-10-07
465,Pretty summer none rock scientist only.,44,11,6,464,40,69,7,2024-10-07
466,Than free five support.,75,21,7,475,40,117,7,2024-10-07
467,Well discover outside today executive deal home when.,75,28,9,476,40,118,1,2024-10-07
468,Model low once of.,76,21,8,477,40,119,23,2024-10-07
469,Market north senior time last.,76,21,6,478,40,120,25,2024-10-07
470,Campaign theory number practice under order travel.,78,7,4,479,40,122,76,2024-10-07
471,Beautiful whether land kitchen main nearly stock.,116,32,10,465,40,174,48,2024-10-07
472,Hospital nearly sense.,116,20,5,466,40,175,27,2024-10-07
473,Seven meet cup record sport parent investment always.,119,18,7,467,40,180,5,2024-10-07
474,Yard culture north together pattern.,119,23,6,468,40,181,25,2024-10-07
475,Dark some we also fill.,120,33,9,469,40,182,23,2024-10-07
476,Newspaper next receive every member raise image.,237,24,9,454,40,354,7,2024-10-07
477,Point protect act.,238,33,10,455,40,355,39,2024-10-07
478,Also join firm difficult or future.,238,34,10,456,40,356,1,2024-10-07
479,Wish method form country piece option.,45,18,7,493,41,70,14,2024-10-07
480,Education would behavior school.,45,21,8,494,41,71,5,2024-10-07
481,Those sit born only.,48,19,7,495,41,75,19,2024-10-07
482,Gun soldier company nothing must.,48,21,7,496,41,76,39,2024-10-07
483,Administration well training none option visit.,49,24,8,497,41,77,67,2024-10-07
484,Girl investment short memory.,69,20,5,483,41,105,88,2024-10-07
485,Will worker far.,69,25,9,484,41,106,9,2024-10-07
486,Remember student rate option.,73,13,4,485,41,113,59,2024-10-07
487,Respond important service some short safe discuss.,73,18,7,486,41,114,80,2024-10-07
488,Test produce win whatever whether bit.,85,25,10,487,41,130,12,2024-10-07
489,Network exactly quickly force way step win chair.,86,31,10,488,41,131,58,2024-10-07
490,Risk month real site.,86,28,9,489,41,132,7,2024-10-07
491,Majority foot cost change six want season.,88,17,5,490,41,135,1,2024-10-07
492,Shake court something since hospital very back.,144,31,10,491,41,220,24,2024-10-07
493,Recent always let.,144,19,5,492,41,221,23,2024-10-07
494,Than price consider range whatever.,190,26,9,480,41,289,23,2024-10-07
495,Loss season stage west still member.,191,12,5,481,41,290,10,2024-10-07
496,Force article fast he.,193,15,5,482,41,292,37,2024-10-07
497,Officer marriage never.,51,31,8,501,42,80,12,2024-10-07
498,While house degree evening show analysis trip.,55,15,6,502,42,84,38,2024-10-07
499,Same south adult prepare.,81,21,8,498,42,125,8,2024-10-07
500,Local back a huge.,174,28,10,499,42,265,21,2024-10-07
501,Mean but certainly team decide run I speech.,174,29,9,500,42,266,6,2024-10-07
502,Wonder view including.,204,16,7,503,42,307,12,2024-10-07
503,Power growth opportunity source.,206,8,4,504,42,310,1,2024-10-07
504,Herself year easy force own trial carry.,206,19,7,505,42,311,6,2024-10-07
505,Game range partner specific baby life.,207,20,6,506,42,312,11,2024-10-07
506,Research standard charge read.,29,17,5,507,43,42,4,2024-10-07
507,Not training manage inside he big manage.,29,15,4,508,43,43,4,2024-10-07
508,Treatment place rate police every accept.,32,23,10,509,43,47,33,2024-10-07
509,Than free five support.,75,21,7,517,43,117,47,2024-10-07
510,Well discover outside today executive deal home when.,75,28,9,518,43,118,1,2024-10-07
511,Develop find up.,79,21,8,519,43,123,1,2024-10-07
512,Local back a huge.,174,28,10,510,43,265,16,2024-10-07
513,Mean but certainly team decide run I speech.,174,29,9,511,43,266,8,2024-10-07
514,Provide whose away within.,176,29,10,512,43,268,31,2024-10-07
515,Fish manage series center during.,176,13,4,513,43,269,53,2024-10-07
516,Amount same next former.,177,23,6,514,43,270,26,2024-10-07
517,Structure say I house interview.,177,32,10,515,43,271,75,2024-10-07
518,Thus together themselves interesting.,178,18,7,516,43,272,1,2024-10-07
519,Girl investment short memory.,69,20,5,520,44,105,23,2024-10-07
520,Will worker far.,69,25,9,521,44,106,36,2024-10-07
521,General knowledge tax.,71,15,4,522,44,109,14,2024-10-07
522,Pull material memory level test manager.,71,11,6,523,44,110,5,2024-10-07
523,West something personal.,74,19,7,524,44,115,70,2024-10-07
524,Picture itself like fact safe rise.,74,18,6,525,44,116,20,2024-10-07
525,Than free five support.,75,21,7,530,44,117,47,2024-10-07
526,Well discover outside today executive deal home when.,75,28,9,531,44,118,0,2024-10-07
527,Model low once of.,76,21,8,532,44,119,11,2024-10-07
528,Market north senior time last.,76,21,6,533,44,120,21,2024-10-07
529,History large most factor marriage we.,77,17,4,534,44,121,17,2024-10-07
530,Campaign theory number practice under order travel.,78,7,4,535,44,122,18,2024-10-07
531,Develop find up.,79,21,8,536,44,123,25,2024-10-07
532,However raise find actually view truth ok teach.,101,26,10,537,44,151,24,2024-10-07
533,Artist then second everybody nearly investment project.,102,24,7,538,44,152,42,2024-10-07
534,Open cover capital hundred pull.,102,23,7,539,44,153,20,2024-10-07
535,Scene nation plant natural beyond table.,103,17,4,540,44,154,16,2024-10-07
536,Race alone second other design southern agent person.,103,18,6,541,44,155,3,2024-10-07
537,Live toward miss two plant wife.,105,31,9,542,44,157,55,2024-10-07
538,Find financial fast training research their follow site.,112,24,8,543,44,169,42,2024-10-07
539,Economic phone history chance.,151,28,8,526,44,230,14,2024-10-07
540,Onto front budget buy into lay.,153,13,4,527,44,233,26,2024-10-07
541,Media provide image Mr particularly.,154,21,7,528,44,234,47,2024-10-07
542,Beat professional modern civil catch size.,154,19,6,529,44,235,11,2024-10-07
543,Enter old reach general final mention month.,7,9,4,544,45,10,32,2024-10-07
544,Term long discuss side not subject.,7,26,7,545,45,11,10,2024-10-07
545,Guess evidence concern computer one then future true.,8,31,9,546,45,12,48,2024-10-07
546,Little sure already simply fly.,9,18,7,547,45,13,6,2024-10-07
547,Opportunity ago enough land.,10,30,10,548,45,14,79,2024-10-07
548,Stock American sing entire.,10,8,4,549,45,15,22,2024-10-07
549,Practice drop difficult everybody.,12,20,5,550,45,17,59,2024-10-07
550,Light suffer generation cover specific mean.,12,29,7,551,45,18,7,2024-10-07
551,Edge meet see society.,13,12,5,552,45,19,72,2024-10-07
552,Town pressure business nor easy probably year.,14,34,9,553,45,20,12,2024-10-07
553,Light not let cut member large friend.,14,27,9,554,45,21,15,2024-10-07
554,Consumer message from serve.,15,28,10,555,45,22,6,2024-10-07
555,Medical mention by forward sell and start.,91,24,9,556,45,138,16,2024-10-07
556,Blue million option edge process leader.,92,25,9,557,45,139,8,2024-10-07
557,From until front actually.,107,17,6,558,45,159,65,2024-10-07
558,Just know realize deal senior already.,107,24,8,559,45,160,2,2024-10-07
559,Seven bill reach here rather too.,109,13,6,560,45,163,9,2024-10-07
560,Likely almost let current out country understand attention.,109,23,6,561,45,164,48,2024-10-07
561,Pay prove civil or.,216,32,10,562,45,325,63,2024-10-07
562,Several policy specific around source break full hospital.,217,10,4,563,45,326,18,2024-10-07
563,Learn me face fill to.,219,9,4,564,45,328,56,2024-10-07
564,Should along party food.,219,32,10,565,45,329,17,2024-10-07
565,Million want fly.,220,11,5,566,45,330,24,2024-10-07
566,Attack tree away center eight.,221,15,6,567,45,331,10,2024-10-07
567,Place several different second relate.,221,33,10,568,45,332,17,2024-10-07
568,Same south adult prepare.,81,21,8,576,46,125,10,2024-10-07
569,Of executive suggest perhaps figure.,82,26,8,577,46,126,50,2024-10-07
570,Stage reach where generation.,83,23,8,578,46,127,11,2024-10-07
571,According fund understand.,84,20,7,579,46,128,16,2024-10-07
572,Writer environmental drug.,84,27,9,580,46,129,27,2024-10-07
573,Majority foot cost change six want season.,88,17,5,569,46,135,1,2024-10-07
574,Painting say ground case establish heart middle both.,125,21,6,574,46,191,25,2024-10-07
575,Team such available decision.,125,10,4,575,46,192,10,2024-10-07
576,Field focus bank recently different.,165,19,7,570,46,252,0,2024-10-07
577,Town law list each we box remain.,165,10,6,571,46,253,32,2024-10-07
578,Animal so particular nation forward lawyer thing.,228,9,5,572,46,341,7,2024-10-07
579,Record fire close agree.,230,21,8,573,46,344,6,2024-10-07
580,Environmental floor let develop bed pull officer team.,61,34,10,581,47,92,16,2024-10-07
581,See without member song.,61,19,9,582,47,93,18,2024-10-07
582,Class often cup day cell billion site.,63,20,7,583,47,96,52,2024-10-07
583,Serious building both partner line game.,63,22,9,584,47,97,36,2024-10-07
584,Produce law live almost account decide shoulder.,155,16,6,589,47,236,70,2024-10-07
585,Society vote trade me east get really.,157,19,5,590,47,239,10,2024-10-07
586,Field focus bank recently different.,165,19,7,586,47,252,1,2024-10-07
587,Town law list each we box remain.,165,10,6,587,47,253,7,2024-10-07
588,And anyone tax audience quite I type talk.,167,12,4,588,47,255,2,2024-10-07
589,Shake drop still look bar commercial.,200,11,4,585,47,302,16,2024-10-07
590,Decision trial thus everyone strategy hope.,152,25,10,593,48,231,20,2024-10-07
591,Wish management take popular behavior region around.,152,22,9,594,48,232,8,2024-10-07
592,Onto front budget buy into lay.,153,13,4,595,48,233,41,2024-10-07
593,Media provide image Mr particularly.,154,21,7,596,48,234,41,2024-10-07
594,Beat professional modern civil catch size.,154,19,6,597,48,235,5,2024-10-07
595,Consumer year democratic apply reason position fish live.,209,17,6,591,48,314,47,2024-10-07
596,Reflect too yeah age section treatment assume.,209,16,6,592,48,315,0,2024-10-07
597,Decision trial thus everyone strategy hope.,152,25,10,604,49,231,25,2024-10-07
598,Wish management take popular behavior region around.,152,22,9,605,49,232,4,2024-10-07
599,Onto front budget buy into lay.,153,13,4,606,49,233,63,2024-10-07
600,Camera follow agree in.,201,19,5,603,49,303,10,2024-10-07
601,Authority one candidate.,234,23,8,598,49,349,52,2024-10-07
602,Source drive piece likely region.,234,39,10,599,49,350,14,2024-10-07
603,Total free value front success friend.,235,18,5,600,49,351,44,2024-10-07
604,Learn may community policy.,236,19,6,601,49,352,62,2024-10-07
605,Then land computer letter.,236,14,7,602,49,353,7,2024-10-07
606,Out few operation go change high take.,36,16,6,607,50,53,23,2024-10-07
607,Thing military once not clearly him.,36,17,5,608,50,54,43,2024-10-07
608,Need step picture draw thus.,37,21,6,609,50,55,56,2024-10-07
609,Listen country rather soon few.,38,19,6,610,50,56,14,2024-10-07
610,Attention cost later throw of.,38,11,5,611,50,57,79,2024-10-07
611,In walk perhaps instead strategy administration director.,212,32,9,612,50,320,15,2024-10-07
612,Draw bring each card head choice.,39,14,4,617,51,58,26,2024-10-07
613,Window reality compare most entire subject.,39,19,6,618,51,59,5,2024-10-07
614,Case garden kid war.,43,16,5,619,51,66,6,2024-10-07
615,About ability recently home hand.,43,25,7,620,51,67,37,2024-10-07
616,Develop piece gas new pretty door low behind.,44,23,7,621,51,68,80,2024-10-07
617,Pretty summer none rock scientist only.,44,11,6,622,51,69,19,2024-10-07
618,Wish method form country piece option.,45,18,7,623,51,70,22,2024-10-07
619,Education would behavior school.,45,21,8,624,51,71,2,2024-10-07
620,Cause through much bag bad past.,47,12,4,625,51,73,34,2024-10-07
621,Red ground whom dog news year buy.,47,7,4,626,51,74,73,2024-10-07
622,Those sit born only.,48,19,7,627,51,75,17,2024-10-07
623,Gun soldier company nothing must.,48,21,7,628,51,76,43,2024-10-07
624,Same next boy song.,50,30,9,629,51,78,60,2024-10-07
625,Machine business community over may.,50,9,4,630,51,79,2,2024-10-07
626,Him store own including cause product.,213,32,10,613,51,321,67,2024-10-07
627,Herself word region lay.,214,30,9,614,51,322,55,2024-10-07
628,Pretty tax million buy push interview.,214,19,8,615,51,323,63,2024-10-07
629,Call share box throw.,215,30,10,616,51,324,15,2024-10-07
630,Any upon car.,137,14,5,638,52,209,0,2024-10-07
631,Real line rest beat next conference small.,138,13,6,639,52,210,9,2024-10-07
632,Officer just grow most.,139,27,9,640,52,211,25,2024-10-07
633,Stuff store southern easy music medical he.,184,28,8,641,52,282,29,2024-10-07
634,Seat activity this.,188,17,4,642,52,286,12,2024-10-07
635,Hundred true report change.,188,14,7,643,52,287,31,2024-10-07
636,Loss season stage west still member.,191,12,5,636,52,290,26,2024-10-07
637,Girl will moment sea heavy new able see.,192,25,7,637,52,291,19,2024-10-07
638,Later would history easy house affect week consider.,208,14,5,631,52,313,71,2024-10-07
639,Consumer year democratic apply reason position fish live.,209,17,6,632,52,314,12,2024-10-07
640,Reflect too yeah age section treatment assume.,209,16,6,633,52,315,0,2024-10-07
641,Room land perform else these claim.,211,9,4,634,52,318,5,2024-10-07
642,Herself people night media seat security.,211,18,5,635,52,319,1,2024-10-07
643,Draw bring each card head choice.,39,14,4,644,53,58,41,2024-10-07
644,Window reality compare most entire subject.,39,19,6,645,53,59,17,2024-10-07
645,Beautiful fall ask defense west.,40,8,4,646,53,60,18,2024-10-07
646,Direction energy cut.,40,21,7,647,53,61,1,2024-10-07
647,Draw seem trade green PM spend capital amount.,42,16,6,648,53,64,10,2024-10-07
648,Wide citizen truth quickly American full television.,42,22,10,649,53,65,30,2024-10-07
649,Case garden kid war.,43,16,5,650,53,66,3,2024-10-07
650,About ability recently home hand.,43,25,7,651,53,67,45,2024-10-07
651,Discussion majority respond fund sister model player.,205,19,6,652,53,308,35,2024-10-07
652,Generation town design.,205,27,10,653,53,309,41,2024-10-07
653,Power growth opportunity source.,206,8,4,654,53,310,1,2024-10-07
654,Herself year easy force own trial carry.,206,19,7,655,53,311,5,2024-10-07
655,In walk perhaps instead strategy administration director.,212,32,9,656,53,320,1,2024-10-07
656,Call share box throw.,215,30,10,657,53,324,11,2024-10-07
657,Operation see determine remain near.,1,17,6,666,54,1,51,2024-10-07
658,Live wide no anything their truth end.,1,11,5,667,54,2,14,2024-10-07
659,Little man special hit analysis big their toward.,2,22,8,668,54,3,12,2024-10-07
660,Trouble news program after great.,2,30,8,669,54,4,9,2024-10-07
661,Beautiful fall ask defense west.,40,8,4,658,54,60,4,2024-10-07
662,Direction energy cut.,40,21,7,659,54,61,29,2024-10-07
663,Draw seem trade green PM spend capital amount.,42,16,6,660,54,64,13,2024-10-07
664,Wide citizen truth quickly American full television.,42,22,10,661,54,65,22,2024-10-07
665,Case garden kid war.,43,16,5,662,54,66,8,2024-10-07
666,About ability recently home hand.,43,25,7,663,54,67,40,2024-10-07
667,Develop piece gas new pretty door low behind.,44,23,7,664,54,68,14,2024-10-07
668,Pretty summer none rock scientist only.,44,11,6,665,54,69,5,2024-10-07
669,Majority series page play may should produce.,95,24,8,670,55,142,7,2024-10-07
670,What interesting range opportunity also.,95,17,7,671,55,143,29,2024-10-07
671,Along new training market might hospital.,164,28,10,672,55,250,78,2024-10-07
672,Full writer inside music.,164,13,5,673,55,251,8,2024-10-07
673,Pay prove civil or.,216,32,10,674,55,325,71,2024-10-07
674,It challenge eye information line cost worry.,218,27,10,675,55,327,30,2024-10-07
675,Learn me face fill to.,219,9,4,676,55,328,13,2024-10-07
676,Should along party food.,219,32,10,677,55,329,2,2024-10-07
677,Wish film her its campaign.,93,17,5,678,56,140,4,2024-10-07
678,View value president figure eye old.,94,25,7,679,56,141,67,2024-10-07
679,Man play American spring finally skill.,96,16,7,680,56,144,3,2024-10-07
680,Peace close during fight gas check.,156,24,9,681,56,237,5,2024-10-07
681,Team she cultural others education.,156,11,5,682,56,238,9,2024-10-07
682,Reason Republican nice.,158,33,10,683,56,240,51,2024-10-07
683,Chance single station commercial them.,158,20,6,684,56,241,7,2024-10-07
684,Of executive suggest perhaps figure.,82,26,8,685,57,126,43,2024-10-07
685,According fund understand.,84,20,7,686,57,128,57,2024-10-07
686,Writer environmental drug.,84,27,9,687,57,129,8,2024-10-07
687,Able majority investment season nothing sit none.,104,18,6,688,57,156,22,2024-10-07
688,Live toward miss two plant wife.,105,31,9,689,57,157,63,2024-10-07
689,None position put clear.,163,27,9,690,57,248,25,2024-10-07
690,Nor as want heart ready.,163,16,5,691,57,249,50,2024-10-07
691,Along new training market might hospital.,164,28,10,692,57,250,90,2024-10-07
692,Full writer inside music.,164,13,5,693,57,251,50,2024-10-07
693,Practice drop difficult everybody.,12,20,5,698,58,17,40,2024-10-07
694,Light suffer generation cover specific mean.,12,29,7,699,58,18,1,2024-10-07
695,Consumer message from serve.,15,28,10,700,58,22,42,2024-10-07
696,Other collection do whose cause quality according.,16,12,5,701,58,23,16,2024-10-07
697,Magazine society concern left relate beautiful skill here.,16,24,6,702,58,24,34,2024-10-07
698,Article college perform out season into level.,121,14,4,703,58,183,22,2024-10-07
699,What ground I consider foot series style.,121,24,8,704,58,184,14,2024-10-07
700,Tv develop would success so away quickly feeling.,122,29,8,705,58,185,9,2024-10-07
701,For vote information.,122,19,6,706,58,186,42,2024-10-07
702,Throw term she management half represent arrive.,123,20,8,707,58,187,35,2024-10-07
703,More improve fly though design tree.,123,27,8,708,58,188,6,2024-10-07
704,Rather notice here American positive environmental.,124,27,9,709,58,189,14,2024-10-07
705,Create organization choose without prepare.,124,27,9,710,58,190,2,2024-10-07
706,Fly according begin agreement contain do.,136,18,6,694,58,208,23,2024-10-07
707,Officer just grow most.,139,27,9,695,58,211,36,2024-10-07
708,Just early agree management blue state four.,169,19,7,696,58,257,3,2024-10-07
709,Both attention fear traditional not reflect.,169,25,10,697,58,258,61,2024-10-07
710,Recognize alone these artist one drive.,23,15,4,718,59,32,4,2024-10-07
711,Parent interview word Congress decide indeed manage year.,23,15,6,719,59,33,2,2024-10-07
712,Wind TV many how especially.,26,19,6,720,59,37,36,2024-10-07
713,World off debate official leave.,33,12,5,711,59,48,35,2024-10-07
714,Read lawyer region play.,33,18,6,712,59,49,5,2024-10-07
715,Out few operation go change high take.,36,16,6,713,59,53,19,2024-10-07
716,Thing military once not clearly him.,36,17,5,714,59,54,20,2024-10-07
717,Listen country rather soon few.,38,19,6,715,59,56,4,2024-10-07
718,Attention cost later throw of.,38,11,5,716,59,57,35,2024-10-07
719,Believe senior time PM happen any you.,222,17,7,717,59,333,57,2024-10-07
720,Opportunity ago enough land.,10,30,10,727,60,14,34,2024-10-07
721,Stock American sing entire.,10,8,4,728,60,15,76,2024-10-07
722,Those sit born only.,48,19,7,722,60,75,48,2024-10-07
723,Gun soldier company nothing must.,48,21,7,723,60,76,61,2024-10-07
724,Administration well training none option visit.,49,24,8,724,60,77,38,2024-10-07
725,Same next boy song.,50,30,9,725,60,78,17,2024-10-07
726,Machine business community over may.,50,9,4,726,60,79,25,2024-10-07
727,Young ask care draw blood else.,111,29,9,729,60,167,62,2024-10-07
728,Above music state sell.,111,18,5,730,60,168,67,2024-10-07
729,Find financial fast training research their follow site.,112,24,8,731,60,169,4,2024-10-07
730,Sea we finish evidence.,114,18,8,732,60,172,3,2024-10-07
731,Per want after toward arrive instead.,115,23,5,733,60,173,63,2024-10-07
732,Stuff store southern easy music medical he.,184,28,8,734,60,282,23,2024-10-07
733,State team research management hundred behind money.,185,29,9,735,60,283,10,2024-10-07
734,Free note security.,186,15,4,736,60,284,22,2024-10-07
735,Never direction push may serve there.,242,28,7,721,60,361,26,2024-10-07
736,Research standard charge read.,29,17,5,747,61,42,17,2024-10-07
737,Not training manage inside he big manage.,29,15,4,748,61,43,0,2024-10-07
738,Simply letter offer else lot gas free.,30,18,6,749,61,44,51,2024-10-07
739,However raise find actually view truth ok teach.,101,26,10,750,61,151,21,2024-10-07
740,Able majority investment season nothing sit none.,104,18,6,751,61,156,51,2024-10-07
741,Live toward miss two plant wife.,105,31,9,752,61,157,21,2024-10-07
742,Day everyone beyond father.,106,27,9,753,61,158,6,2024-10-07
743,Deal network rest resource week.,141,24,9,741,61,214,34,2024-10-07
744,Generation success learn yard long his herself.,141,19,6,742,61,215,6,2024-10-07
745,Computer civil notice management either coach recognize future.,143,31,10,743,61,218,31,2024-10-07
746,Social choice indicate ahead.,143,15,5,744,61,219,56,2024-10-07
747,Shake court something since hospital very back.,144,31,10,745,61,220,16,2024-10-07
748,Recent always let.,144,19,5,746,61,221,6,2024-10-07
749,Than price consider range whatever.,190,26,9,737,61,289,35,2024-10-07
750,Loss season stage west still member.,191,12,5,738,61,290,24,2024-10-07
751,Force article fast he.,193,15,5,739,61,292,23,2024-10-07
752,Cell American must newspaper summer drug.,194,13,4,740,61,293,40,2024-10-07
753,World off debate official leave.,33,12,5,754,62,48,64,2024-10-07
754,Read lawyer region play.,33,18,6,755,62,49,2,2024-10-07
755,Out few operation go change high take.,36,16,6,756,62,53,24,2024-10-07
756,Thing military once not clearly him.,36,17,5,757,62,54,18,2024-10-07
757,Need step picture draw thus.,37,21,6,758,62,55,10,2024-10-07
758,Listen country rather soon few.,38,19,6,759,62,56,12,2024-10-07
759,Attention cost later throw of.,38,11,5,760,62,57,32,2024-10-07
760,Always board glass trip stock those.,52,10,4,763,62,81,17,2024-10-07
761,Building worry key develop police.,53,13,5,764,62,82,39,2024-10-07
762,Live particular happen must yard.,54,21,6,765,62,83,41,2024-10-07
763,Billion conference agreement newspaper sort card education.,62,13,4,761,62,94,4,2024-10-07
764,Teacher region be.,62,19,9,762,62,95,15,2024-10-07
765,Citizen appear stock employee that discuss accept.,180,23,8,766,62,275,67,2024-10-07
766,Accept west mother issue.,180,28,10,767,62,276,16,2024-10-07
767,Guess evidence concern computer one then future true.,8,31,9,768,63,12,0,2024-10-07
768,Seven meet cup record sport parent investment always.,119,18,7,769,63,180,6,2024-10-07
769,Yard culture north together pattern.,119,23,6,770,63,181,0,2024-10-07
770,Economic phone history chance.,151,28,8,771,63,230,12,2024-10-07
771,Decision trial thus everyone strategy hope.,152,25,10,772,63,231,33,2024-10-07
772,Wish management take popular behavior region around.,152,22,9,773,63,232,33,2024-10-07
773,Onto front budget buy into lay.,153,13,4,774,63,233,41,2024-10-07
774,Media provide image Mr particularly.,154,21,7,775,63,234,46,2024-10-07
775,Beat professional modern civil catch size.,154,19,6,776,63,235,0,2024-10-07
776,Never direction push may serve there.,242,28,7,777,63,361,7,2024-10-07
777,Time minute find benefit sea.,243,24,9,778,63,362,27,2024-10-07
778,Simple during together argue something.,243,14,5,779,63,363,33,2024-10-07
779,Different budget girl anything attorney section know.,244,32,10,780,63,364,27,2024-10-07
780,At unit experience street.,244,28,8,781,63,365,60,2024-10-07
781,Worker start way front miss American not task.,245,12,4,782,63,366,3,2024-10-07
782,The amount benefit for modern.,245,23,8,783,63,367,19,2024-10-07
783,Region to near assume notice.,80,18,6,789,64,124,5,2024-10-07
784,According fund understand.,84,20,7,790,64,128,89,2024-10-07
785,Writer environmental drug.,84,27,9,791,64,129,1,2024-10-07
786,Decision trial thus everyone strategy hope.,152,25,10,787,64,231,26,2024-10-07
787,Wish management take popular behavior region around.,152,22,9,788,64,232,37,2024-10-07
788,Several policy specific around source break full hospital.,217,10,4,784,64,326,31,2024-10-07
789,Learn me face fill to.,219,9,4,785,64,328,84,2024-10-07
790,Should along party food.,219,32,10,786,64,329,5,2024-10-07
791,Region to near assume notice.,80,18,6,799,65,124,6,2024-10-07
792,Same south adult prepare.,81,21,8,800,65,125,21,2024-10-07
793,Of executive suggest perhaps figure.,82,26,8,801,65,126,26,2024-10-07
794,Stage reach where generation.,83,23,8,802,65,127,10,2024-10-07
795,Throw across imagine open population financial.,179,19,6,792,65,273,0,2024-10-07
796,Part crime information image cut.,179,13,4,793,65,274,47,2024-10-07
797,Citizen appear stock employee that discuss accept.,180,23,8,794,65,275,17,2024-10-07
798,Accept west mother issue.,180,28,10,795,65,276,0,2024-10-07
799,He yeah time politics benefit.,181,25,9,796,65,277,2,2024-10-07
800,Tv information lose threat relate new hot imagine.,181,31,9,797,65,278,54,2024-10-07
801,Course person age run specific.,182,23,8,798,65,279,3,2024-10-07
802,Test produce win whatever whether bit.,85,25,10,803,66,130,21,2024-10-07
803,Throw term she management half represent arrive.,123,20,8,807,66,187,36,2024-10-07
804,More improve fly though design tree.,123,27,8,808,66,188,4,2024-10-07
805,Rather notice here American positive environmental.,124,27,9,809,66,189,8,2024-10-07
806,Create organization choose without prepare.,124,27,9,810,66,190,11,2024-10-07
807,Power growth opportunity source.,206,8,4,804,66,310,2,2024-10-07
808,Herself year easy force own trial carry.,206,19,7,805,66,311,3,2024-10-07
809,Game range partner specific baby life.,207,20,6,806,66,312,49,2024-10-07
810,Wide too my position game government game either.,19,22,6,822,67,27,50,2024-10-07
811,View else face write.,20,16,6,823,67,28,3,2024-10-07
812,Sit feel happy pay quickly poor.,22,19,5,824,67,30,12,2024-10-07
813,Provide score last staff much ten threat.,22,26,10,825,67,31,20,2024-10-07
814,Seem talk choose election move.,65,29,8,811,67,100,0,2024-10-07
815,Ahead suffer so lawyer.,65,23,8,812,67,101,58,2024-10-07
816,Still politics when front deal control.,66,24,10,813,67,102,1,2024-10-07
817,Song huge against.,68,12,4,814,67,104,28,2024-10-07
818,Interview responsibility physical might they wait say.,89,21,6,820,67,136,13,2024-10-07
819,Party lot general you certainly practice.,90,21,8,821,67,137,8,2024-10-07
820,Throw term she management half represent arrive.,123,20,8,818,67,187,40,2024-10-07
821,More improve fly though design tree.,123,27,8,819,67,188,5,2024-10-07
822,Officer just grow most.,139,27,9,815,67,211,44,2024-10-07
823,Protect piece start even here college fear.,140,27,9,816,67,212,32,2024-10-07
824,Yard someone some bit data.,140,12,4,817,67,213,0,2024-10-07
825,Guess evidence concern computer one then future true.,8,31,9,829,68,12,56,2024-10-07
826,Opportunity ago enough land.,10,30,10,830,68,14,39,2024-10-07
827,Stock American sing entire.,10,8,4,831,68,15,22,2024-10-07
828,View else face write.,20,16,6,826,68,28,15,2024-10-07
829,Sit feel happy pay quickly poor.,22,19,5,827,68,30,26,2024-10-07
830,Provide score last staff much ten threat.,22,26,10,828,68,31,13,2024-10-07
831,Song nation likely prevent call place ever.,46,38,10,832,69,72,20,2024-10-07
832,Those sit born only.,48,19,7,833,69,75,23,2024-10-07
833,Gun soldier company nothing must.,48,21,7,834,69,76,47,2024-10-07
834,Administration well training none option visit.,49,24,8,835,69,77,2,2024-10-07
835,Same next boy song.,50,30,9,836,69,78,4,2024-10-07
836,Machine business community over may.,50,9,4,837,69,79,32,2024-10-07
837,Great personal step above bed indeed picture.,126,26,10,838,69,193,10,2024-10-07
838,Spend federal try bit Mrs nature.,126,31,10,839,69,194,19,2024-10-07
839,Watch beat everybody site sort success.,129,29,9,840,69,199,38,2024-10-07
840,Leave decision rich sing road agree statement.,233,19,5,841,69,348,65,2024-10-07
841,Learn may community policy.,236,19,6,842,69,352,55,2024-10-07
842,Then land computer letter.,236,14,7,843,69,353,47,2024-10-07
843,Economic phone history chance.,151,28,8,850,70,230,38,2024-10-07
844,Onto front budget buy into lay.,153,13,4,851,70,233,10,2024-10-07
845,State team research management hundred behind money.,185,29,9,844,70,283,0,2024-10-07
846,Free note security.,186,15,4,845,70,284,8,2024-10-07
847,Audience ever others might.,187,14,5,846,70,285,28,2024-10-07
848,Seat activity this.,188,17,4,847,70,286,11,2024-10-07
849,Hundred true report change.,188,14,7,848,70,287,19,2024-10-07
850,Son far relationship available Democrat successful leg military.,189,21,6,849,70,288,36,2024-10-07
851,From until front actually.,107,17,6,858,71,159,85,2024-10-07
852,Just know realize deal senior already.,107,24,8,859,71,160,3,2024-10-07
853,Seven bill reach here rather too.,109,13,6,860,71,163,1,2024-10-07
854,Likely almost let current out country understand attention.,109,23,6,861,71,164,49,2024-10-07
855,Trade public society somebody.,131,15,5,855,71,201,40,2024-10-07
856,Doctor Mrs who sing worry.,132,11,5,856,71,202,10,2024-10-07
857,Public usually article who source cut ground.,134,27,10,857,71,205,21,2024-10-07
858,Source but government instead.,145,23,8,852,71,222,76,2024-10-07
859,Man door number.,147,18,6,853,71,224,15,2024-10-07
860,Painting crime security throw maybe.,150,11,4,854,71,229,69,2024-10-07
861,Authority one candidate.,234,23,8,862,71,349,34,2024-10-07
862,Source drive piece likely region.,234,39,10,863,71,350,11,2024-10-07
863,Learn may community policy.,236,19,6,864,71,352,20,2024-10-07
864,Then land computer letter.,236,14,7,865,71,353,29,2024-10-07
865,Determine often box sister.,99,29,9,868,72,148,9,2024-10-07
866,Budget drug here away decide wide analysis.,99,27,10,869,72,149,26,2024-10-07
867,Decision trial thus everyone strategy hope.,152,25,10,866,72,231,6,2024-10-07
868,Wish management take popular behavior region around.,152,22,9,867,72,232,7,2024-10-07
869,Return century card important.,25,20,7,879,73,36,0,2024-10-07
870,Girl investment short memory.,69,20,5,871,73,105,46,2024-10-07
871,Will worker far.,69,25,9,872,73,106,36,2024-10-07
872,However prepare answer article large.,72,26,10,873,73,111,54,2024-10-07
873,Tonight prevent certain thus candidate husband recognize.,72,19,7,874,73,112,37,2024-10-07
874,Remember student rate option.,73,13,4,875,73,113,79,2024-10-07
875,Respond important service some short safe discuss.,73,18,7,876,73,114,53,2024-10-07
876,According fund understand.,84,20,7,877,73,128,92,2024-10-07
877,Writer environmental drug.,84,27,9,878,73,129,8,2024-10-07
878,Society vote trade me east get really.,157,19,5,870,73,239,2,2024-10-07
879,Always board glass trip stock those.,52,10,4,880,74,81,5,2024-10-07
880,While house degree evening show analysis trip.,55,15,6,881,74,84,14,2024-10-07
881,Model low once of.,76,21,8,884,74,119,14,2024-10-07
882,Market north senior time last.,76,21,6,885,74,120,2,2024-10-07
883,Doctor Mrs who sing worry.,132,11,5,882,74,202,8,2024-10-07
884,Public usually article who source cut ground.,134,27,10,883,74,205,2,2024-10-07
885,Throw across imagine open population financial.,179,19,6,886,74,273,3,2024-10-07
886,Part crime information image cut.,179,13,4,887,74,274,29,2024-10-07
887,Citizen appear stock employee that discuss accept.,180,23,8,888,74,275,60,2024-10-07
888,Accept west mother issue.,180,28,10,889,74,276,9,2024-10-07
889,He yeah time politics benefit.,181,25,9,890,74,277,1,2024-10-07
890,Tv information lose threat relate new hot imagine.,181,31,9,891,74,278,61,2024-10-07
891,Say guess create authority agree usually.,183,24,7,892,74,280,59,2024-10-07
892,Image pass sure though.,183,13,6,893,74,281,53,2024-10-07
893,Little sure already simply fly.,9,18,7,902,75,13,16,2024-10-07
894,Opportunity ago enough land.,10,30,10,903,75,14,58,2024-10-07
895,Stock American sing entire.,10,8,4,904,75,15,62,2024-10-07
896,Return century card important.,25,20,7,905,75,36,18,2024-10-07
897,Modern yes them tax news magazine.,97,20,7,894,75,145,4,2024-10-07
898,Arrive level add piece spend.,97,25,8,895,75,146,27,2024-10-07
899,Determine often box sister.,99,29,9,896,75,148,25,2024-10-07
900,Budget drug here away decide wide analysis.,99,27,10,897,75,149,1,2024-10-07
901,Mind claim yeah this.,100,10,4,898,75,150,10,2024-10-07
902,Loss season stage west still member.,191,12,5,899,75,290,4,2024-10-07
903,Girl will moment sea heavy new able see.,192,25,7,900,75,291,28,2024-10-07
904,Force article fast he.,193,15,5,901,75,292,22,2024-10-07
905,Citizen appear stock employee that discuss accept.,180,23,8,908,76,275,74,2024-10-07
906,Accept west mother issue.,180,28,10,909,76,276,15,2024-10-07
907,He yeah time politics benefit.,181,25,9,910,76,277,1,2024-10-07
908,Tv information lose threat relate new hot imagine.,181,31,9,911,76,278,18,2024-10-07
909,Course person age run specific.,182,23,8,912,76,279,36,2024-10-07
910,Say guess create authority agree usually.,183,24,7,913,76,280,23,2024-10-07
911,Image pass sure though.,183,13,6,914,76,281,23,2024-10-07
912,Stuff store southern easy music medical he.,184,28,8,915,76,282,12,2024-10-07
913,State team research management hundred behind money.,185,29,9,916,76,283,3,2024-10-07
914,Audience ever others might.,187,14,5,917,76,285,1,2024-10-07
915,Seat activity this.,188,17,4,918,76,286,13,2024-10-07
916,Hundred true report change.,188,14,7,919,76,287,35,2024-10-07
917,Son far relationship available Democrat successful leg military.,189,21,6,920,76,288,14,2024-10-07
918,Girl will moment sea heavy new able see.,192,25,7,906,76,291,9,2024-10-07
919,Force article fast he.,193,15,5,907,76,292,1,2024-10-07
920,Interview responsibility physical might they wait say.,89,21,6,924,77,136,25,2024-10-07
921,Party lot general you certainly practice.,90,21,8,925,77,137,77,2024-10-07
922,Blue million option edge process leader.,92,25,9,926,77,139,69,2024-10-07
923,Artist then second everybody nearly investment project.,102,24,7,927,77,152,53,2024-10-07
924,Open cover capital hundred pull.,102,23,7,928,77,153,11,2024-10-07
925,Day everyone beyond father.,106,27,9,929,77,158,3,2024-10-07
926,Doctor Mrs who sing worry.,132,11,5,921,77,202,23,2024-10-07
927,Response many sometimes red.,133,20,6,922,77,203,20,2024-10-07
928,Scientist pretty know.,133,31,10,923,77,204,20,2024-10-07
929,Tax approach in trouble unit.,18,26,6,930,78,26,24,2024-10-07
930,View else face write.,20,16,6,931,78,28,11,2024-10-07
931,Sit feel happy pay quickly poor.,22,19,5,932,78,30,19,2024-10-07
932,Provide score last staff much ten threat.,22,26,10,933,78,31,7,2024-10-07
933,Test produce win whatever whether bit.,85,25,10,939,78,130,76,2024-10-07
934,Majority foot cost change six want season.,88,17,5,940,78,135,1,2024-10-07
935,Beautiful whether land kitchen main nearly stock.,116,32,10,941,78,174,72,2024-10-07
936,Hospital nearly sense.,116,20,5,942,78,175,6,2024-10-07
937,Dark some we also fill.,120,33,9,943,78,182,31,2024-10-07
938,Local back a huge.,174,28,10,934,78,265,10,2024-10-07
939,Mean but certainly team decide run I speech.,174,29,9,935,78,266,18,2024-10-07
940,Provide whose away within.,176,29,10,936,78,268,63,2024-10-07
941,Fish manage series center during.,176,13,4,937,78,269,74,2024-10-07
942,Thus together themselves interesting.,178,18,7,938,78,272,5,2024-10-07
943,View value president figure eye old.,94,25,7,944,79,141,15,2024-10-07
944,Majority series page play may should produce.,95,24,8,945,79,142,8,2024-10-07
945,What interesting range opportunity also.,95,17,7,946,79,143,11,2024-10-07
946,Man play American spring finally skill.,96,16,7,947,79,144,3,2024-10-07
947,Economic phone history chance.,151,28,8,949,79,230,16,2024-10-07
948,Decision trial thus everyone strategy hope.,152,25,10,950,79,231,36,2024-10-07
949,Wish management take popular behavior region around.,152,22,9,951,79,232,2,2024-10-07
950,Total free value front success friend.,235,18,5,948,79,351,33,2024-10-07
951,World off debate official leave.,33,12,5,963,80,48,18,2024-10-07
952,Read lawyer region play.,33,18,6,964,80,49,3,2024-10-07
953,Need step picture draw thus.,37,21,6,965,80,55,7,2024-10-07
954,Listen country rather soon few.,38,19,6,966,80,56,15,2024-10-07
955,Attention cost later throw of.,38,11,5,967,80,57,64,2024-10-07
956,Beat law water edge operation for student.,70,20,8,968,80,107,32,2024-10-07
957,Sister commercial old child bag.,70,30,9,969,80,108,13,2024-10-07
958,General knowledge tax.,71,15,4,970,80,109,16,2024-10-07
959,Pull material memory level test manager.,71,11,6,971,80,110,4,2024-10-07
960,Remember student rate option.,73,13,4,972,80,113,23,2024-10-07
961,Respond important service some short safe discuss.,73,18,7,973,80,114,31,2024-10-07
962,West something personal.,74,19,7,974,80,115,3,2024-10-07
963,Picture itself like fact safe rise.,74,18,6,975,80,116,54,2024-10-07
964,Region to near assume notice.,80,18,6,960,80,124,21,2024-10-07
965,According fund understand.,84,20,7,961,80,128,57,2024-10-07
966,Writer environmental drug.,84,27,9,962,80,129,23,2024-10-07
967,Pay prove civil or.,216,32,10,952,80,325,59,2024-10-07
968,Several policy specific around source break full hospital.,217,10,4,953,80,326,29,2024-10-07
969,It challenge eye information line cost worry.,218,27,10,954,80,327,48,2024-10-07
970,Learn me face fill to.,219,9,4,955,80,328,3,2024-10-07
971,Should along party food.,219,32,10,956,80,329,18,2024-10-07
972,Million want fly.,220,11,5,957,80,330,11,2024-10-07
973,Attack tree away center eight.,221,15,6,958,80,331,40,2024-10-07
974,Place several different second relate.,221,33,10,959,80,332,18,2024-10-07
975,Little man special hit analysis big their toward.,2,22,8,976,81,3,44,2024-10-07
976,Trouble news program after great.,2,30,8,977,81,4,9,2024-10-07
977,Owner turn she.,4,23,8,978,81,6,72,2024-10-07
978,Fact example team.,4,14,4,979,81,7,20,2024-10-07
979,Most throw keep tax great reach how.,6,12,5,980,81,9,40,2024-10-07
980,Throw across imagine open population financial.,179,19,6,981,81,273,10,2024-10-07
981,Part crime information image cut.,179,13,4,982,81,274,21,2024-10-07
982,Say guess create authority agree usually.,183,24,7,983,81,280,14,2024-10-07
983,Image pass sure though.,183,13,6,984,81,281,11,2024-10-07
984,Pay prove civil or.,216,32,10,985,81,325,64,2024-10-07
985,Learn me face fill to.,219,9,4,986,81,328,56,2024-10-07
986,Should along party food.,219,32,10,987,81,329,4,2024-10-07
987,Modern yes them tax news magazine.,97,20,7,992,82,145,54,2024-10-07
988,Arrive level add piece spend.,97,25,8,993,82,146,0,2024-10-07
989,Reason hit design however.,98,15,7,994,82,147,52,2024-10-07
990,Stuff store southern easy music medical he.,184,28,8,995,82,282,67,2024-10-07
991,Free note security.,186,15,4,996,82,284,4,2024-10-07
992,Seat activity this.,188,17,4,997,82,286,7,2024-10-07
993,Hundred true report change.,188,14,7,998,82,287,58,2024-10-07
994,Son far relationship available Democrat successful leg military.,189,21,6,999,82,288,40,2024-10-07
995,Newspaper next receive every member raise image.,237,24,9,988,82,354,13,2024-10-07
996,Point protect act.,238,33,10,989,82,355,33,2024-10-07
997,Also join firm difficult or future.,238,34,10,990,82,356,11,2024-10-07
998,South blue now type change door.,240,20,6,991,82,358,22,2024-10-07
999,Television indicate agreement it yes country seek market.,27,14,4,1000,83,38,9,2024-10-07
1000,Notice book carry office lay.,27,14,5,1001,83,39,23,2024-10-07
1001,Research standard charge read.,29,17,5,1002,83,42,5,2024-10-07
1002,Not training manage inside he big manage.,29,15,4,1003,83,43,5,2024-10-07
1003,Treatment place rate police every accept.,32,23,10,1004,83,47,28,2024-10-07
1004,Discussion majority respond fund sister model player.,205,19,6,1005,83,308,33,2024-10-07
1005,Generation town design.,205,27,10,1006,83,309,85,2024-10-07
1006,Serve lead usually general citizen truth choose.,223,18,5,1009,83,334,43,2024-10-07
1007,Agreement continue realize exist source simple.,224,18,5,1010,83,335,25,2024-10-07
1008,Fight your world service play meet notice.,224,39,10,1011,83,336,4,2024-10-07
1009,Almost plan board news oil participant contain a.,225,25,8,1012,83,337,62,2024-10-07
1010,Time minute find benefit sea.,243,24,9,1007,83,362,42,2024-10-07
1011,Simple during together argue something.,243,14,5,1008,83,363,11,2024-10-07
1012,Risk tax happen pay face budget other.,108,16,6,1017,84,161,7,2024-10-07
1013,Shoulder knowledge sort next them personal blood.,108,16,4,1018,84,162,8,2024-10-07
1014,Seven bill reach here rather too.,109,13,6,1019,84,163,6,2024-10-07
1015,Likely almost let current out country understand attention.,109,23,6,1020,84,164,9,2024-10-07
1016,Red person professional inside about factor money.,110,21,8,1021,84,165,81,2024-10-07
1017,Find visit data everything some voice.,110,21,6,1022,84,166,4,2024-10-07
1018,Young ask care draw blood else.,111,29,9,1033,84,167,18,2024-10-07
1019,Above music state sell.,111,18,5,1034,84,168,90,2024-10-07
1020,Find financial fast training research their follow site.,112,24,8,1035,84,169,28,2024-10-07
1021,Sea we finish evidence.,114,18,8,1036,84,172,36,2024-10-07
1022,Field focus bank recently different.,165,19,7,1023,84,252,0,2024-10-07
1023,Town law list each we box remain.,165,10,6,1024,84,253,15,2024-10-07
1024,Word over young your lot number sit television.,166,15,5,1025,84,254,90,2024-10-07
1025,Look wonder popular drop sign real.,168,12,5,1026,84,256,88,2024-10-07
1026,Just early agree management blue state four.,169,19,7,1027,84,257,4,2024-10-07
1027,Both attention fear traditional not reflect.,169,25,10,1028,84,258,64,2024-10-07
1028,Throw across imagine open population financial.,179,19,6,1029,84,273,2,2024-10-07
1029,Part crime information image cut.,179,13,4,1030,84,274,29,2024-10-07
1030,Say guess create authority agree usually.,183,24,7,1031,84,280,68,2024-10-07
1031,Image pass sure though.,183,13,6,1032,84,281,40,2024-10-07
1032,Free note security.,186,15,4,1013,84,284,13,2024-10-07
1033,Audience ever others might.,187,14,5,1014,84,285,6,2024-10-07
1034,Seat activity this.,188,17,4,1015,84,286,23,2024-10-07
1035,Hundred true report change.,188,14,7,1016,84,287,37,2024-10-07
1036,Return century card important.,25,20,7,1042,85,36,27,2024-10-07
1037,Wind TV many how especially.,26,19,6,1043,85,37,6,2024-10-07
1038,Professor crime now economic culture son.,227,16,5,1037,85,340,4,2024-10-07
1039,Religious month per wrong buy.,229,33,8,1038,85,342,12,2024-10-07
1040,Street use could race form.,229,34,9,1039,85,343,2,2024-10-07
1041,Record fire close agree.,230,21,8,1040,85,344,12,2024-10-07
1042,Change factor break herself west themselves certain.,231,29,8,1041,85,345,3,2024-10-07
1043,Still politics when front deal control.,66,24,10,1044,86,102,0,2024-10-07
1044,Source but government instead.,145,23,8,1045,86,222,23,2024-10-07
1045,Together guess lose wrong statement.,146,22,6,1046,86,223,46,2024-10-07
1046,Purpose impact should in walk fight.,148,29,10,1047,86,225,15,2024-10-07
1047,Congress soldier program anyone.,148,13,4,1048,86,226,7,2024-10-07
1048,Thing stuff yeah response available.,149,21,8,1049,86,227,6,2024-10-07
1049,School artist let have money.,149,12,4,1050,86,228,8,2024-10-07
1050,Painting crime security throw maybe.,150,11,4,1051,86,229,70,2024-10-07
1051,Source but government instead.,145,23,8,1055,87,222,41,2024-10-07
1052,Together guess lose wrong statement.,146,22,6,1056,87,223,1,2024-10-07
1053,Man door number.,147,18,6,1057,87,224,31,2024-10-07
1054,Thing stuff yeah response available.,149,21,8,1058,87,227,2,2024-10-07
1055,School artist let have money.,149,12,4,1059,87,228,7,2024-10-07
1056,Never direction push may serve there.,242,28,7,1052,87,361,26,2024-10-07
1057,Worker start way front miss American not task.,245,12,4,1053,87,366,0,2024-10-07
1058,The amount benefit for modern.,245,23,8,1054,87,367,27,2024-10-07
1059,Enter old reach general final mention month.,7,9,4,1066,88,10,56,2024-10-07
1060,Term long discuss side not subject.,7,26,7,1067,88,11,1,2024-10-07
1061,Guess evidence concern computer one then future true.,8,31,9,1068,88,12,23,2024-10-07
1062,Party lot general you certainly practice.,90,21,8,1064,88,137,31,2024-10-07
1063,Blue million option edge process leader.,92,25,9,1065,88,139,55,2024-10-07
1064,Garden until certainly recent share money everyone feel.,142,28,9,1060,88,216,4,2024-10-07
1065,Audience finally check front.,142,15,4,1061,88,217,8,2024-10-07
1066,Shake court something since hospital very back.,144,31,10,1062,88,220,40,2024-10-07
1067,Recent always let.,144,19,5,1063,88,221,17,2024-10-07
1068,In walk perhaps instead strategy administration director.,212,32,9,1069,88,320,22,2024-10-07
1069,Him store own including cause product.,213,32,10,1070,88,321,13,2024-10-07
1070,Herself word region lay.,214,30,9,1071,88,322,6,2024-10-07
1071,Pretty tax million buy push interview.,214,19,8,1072,88,323,68,2024-10-07
1072,Call share box throw.,215,30,10,1073,88,324,42,2024-10-07
1073,Practice drop difficult everybody.,12,20,5,1089,89,17,53,2024-10-07
1074,Light suffer generation cover specific mean.,12,29,7,1090,89,18,7,2024-10-07
1075,Consumer message from serve.,15,28,10,1091,89,22,5,2024-10-07
1076,Other collection do whose cause quality according.,16,12,5,1092,89,23,7,2024-10-07
1077,Magazine society concern left relate beautiful skill here.,16,24,6,1093,89,24,15,2024-10-07
1078,Wish method form country piece option.,45,18,7,1079,89,70,12,2024-10-07
1079,Education would behavior school.,45,21,8,1080,89,71,15,2024-10-07
1080,Song nation likely prevent call place ever.,46,38,10,1081,89,72,0,2024-10-07
1081,Those sit born only.,48,19,7,1082,89,75,48,2024-10-07
1082,Gun soldier company nothing must.,48,21,7,1083,89,76,69,2024-10-07
1083,Administration well training none option visit.,49,24,8,1084,89,77,83,2024-10-07
1084,Same next boy song.,50,30,9,1085,89,78,34,2024-10-07
1085,Machine business community over may.,50,9,4,1086,89,79,21,2024-10-07
1086,Doctor Mrs who sing worry.,132,11,5,1087,89,202,16,2024-10-07
1087,Public usually article who source cut ground.,134,27,10,1088,89,205,47,2024-10-07
1088,Final spring brother money.,161,28,10,1074,89,245,53,2024-10-07
1089,Two by evening wind here.,161,29,8,1075,89,246,54,2024-10-07
1090,Assume significant leg let easy.,162,24,10,1076,89,247,34,2024-10-07
1091,None position put clear.,163,27,9,1077,89,248,74,2024-10-07
1092,Nor as want heart ready.,163,16,5,1078,89,249,42,2024-10-07
1093,Girl investment short memory.,69,20,5,1094,90,105,85,2024-10-07
1094,Will worker far.,69,25,9,1095,90,106,40,2024-10-07
1095,Beat law water edge operation for student.,70,20,8,1096,90,107,5,2024-10-07
1096,Sister commercial old child bag.,70,30,9,1097,90,108,44,2024-10-07
1097,West something personal.,74,19,7,1098,90,115,28,2024-10-07
1098,Picture itself like fact safe rise.,74,18,6,1099,90,116,44,2024-10-07
1099,Model low once of.,76,21,8,1100,90,119,36,2024-10-07
1100,Market north senior time last.,76,21,6,1101,90,120,28,2024-10-07
1101,History large most factor marriage we.,77,17,4,1102,90,121,13,2024-10-07
1102,Campaign theory number practice under order travel.,78,7,4,1103,90,122,73,2024-10-07
1103,Develop find up.,79,21,8,1104,90,123,21,2024-10-07
1104,From until front actually.,107,17,6,1105,90,159,3,2024-10-07
1105,Just know realize deal senior already.,107,24,8,1106,90,160,18,2024-10-07
1106,Risk tax happen pay face budget other.,108,16,6,1107,90,161,31,2024-10-07
1107,Shoulder knowledge sort next them personal blood.,108,16,4,1108,90,162,2,2024-10-07
1108,Seven bill reach here rather too.,109,13,6,1109,90,163,18,2024-10-07
1109,Likely almost let current out country understand attention.,109,23,6,1110,90,164,26,2024-10-07
1110,Red person professional inside about factor money.,110,21,8,1111,90,165,10,2024-10-07
1111,Find visit data everything some voice.,110,21,6,1112,90,166,4,2024-10-07
1112,Field focus bank recently different.,165,19,7,1113,90,252,1,2024-10-07
1113,Town law list each we box remain.,165,10,6,1114,90,253,12,2024-10-07
1114,Word over young your lot number sit television.,166,15,5,1115,90,254,29,2024-10-07
1115,Just early agree management blue state four.,169,19,7,1116,90,257,0,2024-10-07
1116,Both attention fear traditional not reflect.,169,25,10,1117,90,258,16,2024-10-07
1117,Opportunity ago enough land.,10,30,10,1124,91,14,0,2024-10-07
1118,Stock American sing entire.,10,8,4,1125,91,15,3,2024-10-07
1119,Tax approach in trouble unit.,18,26,6,1132,91,26,15,2024-10-07
1120,Wide too my position game government game either.,19,22,6,1133,91,27,62,2024-10-07
1121,View else face write.,20,16,6,1134,91,28,1,2024-10-07
1122,Recognize alone these artist one drive.,23,15,4,1119,91,32,1,2024-10-07
1123,Parent interview word Congress decide indeed manage year.,23,15,6,1120,91,33,1,2024-10-07
1124,Job marriage say phone chance senior movement.,24,15,6,1121,91,34,36,2024-10-07
1125,Reach push often throw show.,24,29,9,1122,91,35,13,2024-10-07
1126,Return century card important.,25,20,7,1123,91,36,20,2024-10-07
1127,Mind smile eye save admit design.,232,28,9,1126,91,346,21,2024-10-07
1128,However money never describe.,232,33,10,1127,91,347,37,2024-10-07
1129,Leave decision rich sing road agree statement.,233,19,5,1128,91,348,13,2024-10-07
1130,Authority one candidate.,234,23,8,1129,91,349,10,2024-10-07
1131,Source drive piece likely region.,234,39,10,1130,91,350,17,2024-10-07
1132,Total free value front success friend.,235,18,5,1131,91,351,21,2024-10-07
1133,South blue now type change door.,240,20,6,1118,91,358,34,2024-10-07
1134,Become avoid identify may.,64,21,9,1146,92,98,16,2024-10-07
1135,Federal herself form use measure society.,64,11,4,1147,92,99,26,2024-10-07
1136,Statement we almost participant.,67,17,8,1148,92,103,21,2024-10-07
1137,Role room environment modern service less.,172,13,5,1143,92,262,13,2024-10-07
1138,Design local senior court.,172,14,4,1144,92,263,7,2024-10-07
1139,Individual life coach spend side central.,173,29,8,1145,92,264,5,2024-10-07
1140,Can story member company evening.,199,19,6,1138,92,301,3,2024-10-07
1141,Shake drop still look bar commercial.,200,11,4,1139,92,302,23,2024-10-07
1142,Even morning front standard hear any artist.,202,38,10,1140,92,304,35,2024-10-07
1143,Lose property laugh again them former data.,202,33,10,1141,92,305,82,2024-10-07
1144,Memory garden news.,203,17,8,1142,92,306,55,2024-10-07
1145,Wonder view including.,204,16,7,1135,92,307,24,2024-10-07
1146,Power growth opportunity source.,206,8,4,1136,92,310,2,2024-10-07
1147,Herself year easy force own trial carry.,206,19,7,1137,92,311,26,2024-10-07
1148,Newspaper next receive every member raise image.,237,24,9,1149,92,354,2,2024-10-07
1149,South blue now type change door.,240,20,6,1150,92,358,24,2024-10-07
1150,Young ask care draw blood else.,111,29,9,1151,93,167,31,2024-10-07
1151,Above music state sell.,111,18,5,1152,93,168,22,2024-10-07
1152,Find financial fast training research their follow site.,112,24,8,1153,93,169,72,2024-10-07
1153,Little take anyone hand already focus anyone these.,113,16,6,1154,93,170,25,2024-10-07
1154,Guess least scientist break degree of author.,113,19,7,1155,93,171,18,2024-10-07
1155,Sea we finish evidence.,114,18,8,1156,93,172,43,2024-10-07
1156,Per want after toward arrive instead.,115,23,5,1157,93,173,0,2024-10-07
1157,Idea discover day under might product between.,210,30,8,1158,93,316,79,2024-10-07
1158,Religious hope remember voice worry common.,210,26,7,1159,93,317,16,2024-10-07
1159,Change factor break herself west themselves certain.,231,29,8,1160,93,345,41,2024-10-07
1160,Which full wall program myself discuss seven.,17,21,8,1161,94,25,4,2024-10-07
1161,Tax approach in trouble unit.,18,26,6,1162,94,26,12,2024-10-07
1162,Eye one laugh resource leg.,21,11,4,1163,94,29,84,2024-10-07
1163,Environmental floor let develop bed pull officer team.,61,34,10,1164,94,92,47,2024-10-07
1164,See without member song.,61,19,9,1165,94,93,9,2024-10-07
1165,Billion conference agreement newspaper sort card education.,62,13,4,1166,94,94,7,2024-10-07
1166,Teacher region be.,62,19,9,1167,94,95,15,2024-10-07
1167,Class often cup day cell billion site.,63,20,7,1168,94,96,36,2024-10-07
1168,Serious building both partner line game.,63,22,9,1169,94,97,8,2024-10-07
1169,World off debate official leave.,33,12,5,1170,95,48,40,2024-10-07
1170,Read lawyer region play.,33,18,6,1171,95,49,17,2024-10-07
1171,Best lot by family peace price attorney.,35,21,6,1172,95,52,34,2024-10-07
1172,Need step picture draw thus.,37,21,6,1173,95,55,18,2024-10-07
1173,Seem talk choose election move.,65,29,8,1174,95,100,0,2024-10-07
1174,Ahead suffer so lawyer.,65,23,8,1175,95,101,44,2024-10-07
1175,Statement we almost participant.,67,17,8,1176,95,103,17,2024-10-07
1176,Region to near assume notice.,80,18,6,1180,96,124,4,2024-10-07
1177,Stage reach where generation.,83,23,8,1181,96,127,3,2024-10-07
1178,According fund understand.,84,20,7,1182,96,128,0,2024-10-07
1179,Writer environmental drug.,84,27,9,1183,96,129,52,2024-10-07
1180,Reason hit design however.,98,15,7,1184,96,147,56,2024-10-07
1181,Mind claim yeah this.,100,10,4,1185,96,150,30,2024-10-07
1182,Later would history easy house affect week consider.,208,14,5,1177,96,313,14,2024-10-07
1183,Room land perform else these claim.,211,9,4,1178,96,318,60,2024-10-07
1184,Herself people night media seat security.,211,18,5,1179,96,319,3,2024-10-07
1185,Television indicate agreement it yes country seek market.,27,14,4,1188,97,38,14,2024-10-07
1186,Notice book carry office lay.,27,14,5,1189,97,39,6,2024-10-07
1187,Research standard charge read.,29,17,5,1190,97,42,5,2024-10-07
1188,Not training manage inside he big manage.,29,15,4,1191,97,43,1,2024-10-07
1189,Of executive suggest perhaps figure.,82,26,8,1186,97,126,54,2024-10-07
1190,Stage reach where generation.,83,23,8,1187,97,127,2,2024-10-07
1191,Operation see determine remain near.,1,17,6,1199,98,1,4,2024-10-07
1192,Live wide no anything their truth end.,1,11,5,1200,98,2,1,2024-10-07
1193,Our left born example save especially rather.,5,16,5,1201,98,8,71,2024-10-07
1194,Most throw keep tax great reach how.,6,12,5,1202,98,9,3,2024-10-07
1195,Song huge against.,68,12,4,1203,98,104,33,2024-10-07
1196,Wish film her its campaign.,93,17,5,1204,98,140,8,2024-10-07
1197,Majority series page play may should produce.,95,24,8,1205,98,142,0,2024-10-07
1198,What interesting range opportunity also.,95,17,7,1206,98,143,14,2024-10-07
1199,Later would history easy house affect week consider.,208,14,5,1192,98,313,36,2024-10-07
1200,Consumer year democratic apply reason position fish live.,209,17,6,1193,98,314,9,2024-10-07
1201,Reflect too yeah age section treatment assume.,209,16,6,1194,98,315,21,2024-10-07
1202,Him store own including cause product.,213,32,10,1195,98,321,33,2024-10-07
1203,Herself word region lay.,214,30,9,1196,98,322,23,2024-10-07
1204,Pretty tax million buy push interview.,214,19,8,1197,98,323,10,2024-10-07
1205,Call share box throw.,215,30,10,1198,98,324,6,2024-10-07
1206,Field focus bank recently different.,165,19,7,1207,99,252,1,2024-10-07
1207,Town law list each we box remain.,165,10,6,1208,99,253,36,2024-10-07
1208,And anyone tax audience quite I type talk.,167,12,4,1209,99,255,28,2024-10-07
1209,Look wonder popular drop sign real.,168,12,5,1210,99,256,43,2024-10-07
1210,Course person age run specific.,182,23,8,1214,99,279,8,2024-10-07
1211,Say guess create authority agree usually.,183,24,7,1215,99,280,33,2024-10-07
1212,Image pass sure though.,183,13,6,1216,99,281,36,2024-10-07
1213,Serve lead usually general citizen truth choose.,223,18,5,1217,99,334,5,2024-10-07
1214,Agreement continue realize exist source simple.,224,18,5,1218,99,335,23,2024-10-07
1215,Fight your world service play meet notice.,224,39,10,1219,99,336,1,2024-10-07
1216,Almost plan board news oil participant contain a.,225,25,8,1220,99,337,80,2024-10-07
1217,Religious month per wrong buy.,229,33,8,1211,99,342,39,2024-10-07
1218,Street use could race form.,229,34,9,1212,99,343,2,2024-10-07
1219,Record fire close agree.,230,21,8,1213,99,344,4,2024-10-07
1220,Never direction push may serve there.,242,28,7,1221,99,361,18,2024-10-07
1221,Different budget girl anything attorney section know.,244,32,10,1222,99,364,9,2024-10-07
1222,At unit experience street.,244,28,8,1223,99,365,16,2024-10-07
1223,Worker start way front miss American not task.,245,12,4,1224,99,366,1,2024-10-07
1224,The amount benefit for modern.,245,23,8,1225,99,367,22,2024-10-07
1225,Later commercial thank specific.,11,9,4,1231,100,16,3,2024-10-07
1226,Seem talk choose election move.,65,29,8,1235,100,100,17,2024-10-07
1227,Ahead suffer so lawyer.,65,23,8,1236,100,101,34,2024-10-07
1228,Sign option result alone.,118,9,5,1226,100,178,40,2024-10-07
1229,Choose increase window develop may usually different.,118,6,4,1227,100,179,47,2024-10-07
1230,Seven meet cup record sport parent investment always.,119,18,7,1228,100,180,9,2024-10-07
1231,Yard culture north together pattern.,119,23,6,1229,100,181,6,2024-10-07
1232,Dark some we also fill.,120,33,9,1230,100,182,9,2024-10-07
1233,Film nearly heavy cut security increase.,135,15,7,1232,100,206,87,2024-10-07
1234,Institution security detail action feel without voice.,135,31,9,1233,100,207,30,2024-10-07
1235,Any upon car.,137,14,5,1234,100,209,1,2024-10-07
